id,collection,subject_id,filename,user_name,created_at,Collected by,Collection date,Collector Number,Country,County,Habitat and description,Location,Scientific author,Scientific name,State/Province
5172a805ded9100e160088a0,Herbarium,516db840ea30524109000cc8,000052345.large.png,not-logged-in,2013-04-20 14:37:02,R. K. Godfey,08/23/1973,72532,,OURAY,mountain meadow,"Small mountain meadow, Red. Mt. Pass, N. of Silverton, el 11,000 ft.",A. Nels,Sedum integrifolium,COLORADO
5173032e5a1d81064c00bfa8,Herbarium,516db293ea3052410900023d,000056899.large.png,not-logged-in,2013-04-20 21:05:50,,,,,OURAY,Small mountain meadow,"Red Mt. Pass, N. of Silverton, el 11000 ft",(Raf.) A. Nels,SEDUM INTEGRIFLORUM,(Raf.) A. Nels
517451975a1d81064c010055,Herbarium,516db87cea30524109000d2a,000056328.large.png,not-logged-in,2013-04-21 20:52:28,R.K. Godfrey,08/23/1973,72532,,Ouray,Small mountain meadow,"Red Mt. Pass, N. of Silverton, el 11,000 ft",A. Nels,Sedum Integrifolium,Colorado
517470675a1d81064c010efe,Herbarium,516dbea5ea3052410900172d,000024311.large.png,not-logged-in,2013-04-21 23:04:07,R. Kral,,58219,,Gadsden,Limerock outcrop ledges,"Limerock outcrop ledges, s. side Chattahoochee",L.,Schoenus nigricans ,FL
5174a7b95a1d81064c011f21,Herbarium,516dc3b3ea30524109001f47,000051710.large.png,not-logged-in,2013-04-22 03:00:09,R. K. Godfrey,08/23/1973,72532,,Ouray,Small mountain meadow,"Red Mt. Pass, N of Silverton, el 11,000 ft.",A. Nels,Sedum integrifolium,CO
5174a8a3ded9100e1600edfe,Herbarium,516dc396ea30524109001f14,000056230.large.png,not-logged-in,2013-04-22 03:04:15,R. K. Godfrey,08/23/1973,72532,,Ouray,Small mountain meadow,"Small mountain meadow, Red Mt. Pass, N of Silverton, el 11,000 ft.",A. Nels,Sedum Integrifolium,CO
51751f4aded9100e160101c9,Herbarium,516db9eaea30524109000fb0,000044693.large.png,not-logged-in,2013-04-22 11:30:18,"James D. Ray Jr., C. Earle Smith, Jr., Olga Lakela, Jackie Patman ",05/19/1961,10946,,Pinellas,"Dense, disturbed white sand scrub with occaional Pinus clausa to 4 m. high. Shrubs to 2.4 m tall; local",Ca. one mi. se. of Snug Harbor on Weedon Island.,Vent.,Befaria racemosa,FL
5175591b5a1d81064c013fa6,Herbarium,516dbb5eea30524109001243,000048855.large.png,not-logged-in,2013-04-22 15:36:59,Patricia Ellott,04/11/1972,149,,Liberty,,Understory tree,Ait,Styrax grandifolia Ait.,FL
51755bb85a1d81064c01403c,Herbarium,516db6daea30524109000a51,000050865.large.png,user1045,2013-04-22 15:47:56,col by,03/04/1974,numer,,Boone,hab and edesc,loc,sci author,sci name,AR
51756bd65a1d81064c014435,Herbarium,516db2daea305241090002ca,000010015.large.png,user2069,2013-04-22 16:56:42,D. S. Correll and Helen B. Correll,03/30/1962,24868,,San Augustine,pine-oak woods,"West of intersection of highways #96 & 103, off the latter highway",Michx.,Senecio tomentosus,TX
51756ddcded9100e16011240,Herbarium,516db595ea3052410900082b,000054849.large.png,not-logged-in,2013-04-22 17:05:45,R.K. Godfrey,08/23/1973,72532,,Ouray,"N of Silverton, el 11,000 ft.","Small mountain meadow, Red Mt. Pass",(Raf.) A. Nels,Sedum untegrifolium,CO
51758d425a1d81064c015693,Herbarium,516dbbf8ea30524109001340,000008440.large.png,not-logged-in,2013-04-22 19:19:17,fgfd,,dfgfd,,Gadsden,gfgd,blah,(Walter) H. Robinson,Arnoglossum ovatum,FL
5175a6f65a1d81064c015fd9,Herbarium,516db534ea3052410900078b,000057103.large.png,user2069,2013-04-22 21:08:57,R. K. Godfrey,08/23/1973,72532,,Ouray,Small mountain meadow,"Red Mt. Pass, N of Silverton, el 11,000 ft.",A. Nels,Sedum integrifolium,CO
5175c527ded9100e16013cf6,Herbarium,516dbdbbea3052410900158f,000053402.large.png,user1044,2013-04-22 23:18:12,R. K. Godfrey,08/23/1973,72532,,Ouray,"Small mountain meadow, Red Mt. Pass","N of Silverton, el 11,000 ft.",(Raf.) A. Nels,Sedum Integrifolium,CO
5175c8155a1d81064c0170fe,Herbarium,516dc396ea30524109001f15,000012706.large.png,user1044,2013-04-22 23:30:29,Frank R. Stermitz,07/16/1972,FRS-42,,Larimer,Plentiful; in full bloom;,10 miles west of Highway 287 on Livermore-Red Feather Lakes road NW of Fort Collins,Nutt.,Helianthus pumilus,CO
5175c858ded9100e16013e7a,Herbarium,516dc1acea30524109001c31,000024272.large.png,user1044,2013-04-22 23:31:49,Sidney McDaniel,10/11/1963,3810,,Calhoun,Local in low wet area near 'island' in slash pine savanna,5 miles south of Blountstown,(Vahl) Wood,Psilocarya nitens,FL
5175c8a8ded9100e16013e89,Herbarium,516db66bea3052410900098e,000008617.large.png,user1044,2013-04-22 23:32:56,"Paul L. Redfearn, Jr.",09/15/1955,905-122-55,,Liberty,Coarse sandy soil. Cleared turkey oak forest.,5 miles west of Hosford on US 20,L.,Aster concolor,FL
5175ec3e5a1d81064c0179d3,Herbarium,516db181ea30524109000032,000012683.large.png,not-logged-in,2013-04-23 02:04:33,Stuttgart,07/18/1937,,,Arkansas,Prairies,Rice region,Lam,Helianthus mollis,AR
51769ed5ded9100e160167eb,Herbarium,516dc0cdea30524109001aae,000024119.large.png,not-logged-in,2013-04-23 14:46:45,R. K. Godfrey,11/23/1964,65639,,Martin,Wet sandy-peaty ditches bordering pine flatwoods.,Wet snady-peaty ditches bordering pine flatwoods 6 miles W of Stuart,R. K. Godfrey,Hernicuha aristulate,FL
5176a8b2de59d9044e0021cd,Herbarium,516db5e9ea305241090008bb,000050728.large.png,not-logged-in,2013-04-23 15:28:44,R. K. Godfrey,08/23/1973,72532,,Ouray,Small mountain meadow,"Small mountain meadow, Red Mt, Pass, Silveron ",A. Nels,Sedum Integrifolium,CO
5176abeeded9100e16016cd3,Herbarium,516dc1d3ea30524109001c78,000040556.large.png,user843,2013-04-23 15:42:38,R. Kral,09/05/1957,5707,,Palm Beach,Frequent on moist sandy peat of abandoned tomato field.,Corbitt Wildlife Mgmt. area NW of Loxahatchee,Hitchc. & Chase,Leptochola uninervia,FL
5176ac3fde59d9044e002494,Herbarium,516dbb96ea3052410900129c,000053921.large.png,user843,2013-04-23 15:43:54,,,141515,,placeholder,,,R.K. Godfrey Herbarium,,FL
5176ac70ded9100e16016d56,Herbarium,516db430ea3052410900058a,000054312.large.png,user1027,2013-04-23 15:44:53,R. K. Godfrey,,72532,,Ouray,"Small Mountain meadow N of Silverton, el 11,000 ft",Red Mt. Pass,A. Nels,Sedum integrifolium,CO
5176acebded9100e16016dbb,Herbarium,516db413ea3052410900054a,000047085.large.png,user843,2013-04-23 15:46:51,R.K. Godfrey,05/07/1983,80551,,Lafayette,"Shrub 1-1.5 m tall. Hardwood hammock, well-drained, ca 25 m from creek, by Fla. Rt. 53, 10.9 miles S of I-10, S of Madison.",,R.K. Godfrey,Ilex Ambigua (Michx.) Torr.,FL
5176af18de59d9044e002609,Herbarium,516db874ea30524109000d1c,000053627.large.png,not-logged-in,2013-04-23 15:56:03,R. K. Godfrey,08/23/1973,72532,,Ouray,Small mountain meadow,"Red Mt. Pass, N of Silverton, el 11,000ft",(Raf.) A. Nels,SEDUM INTEGRIFOLIUM,CO
5176c037de59d92151000303,Herbarium,516db5c8ea30524109000885,000053684.large.png,not-logged-in,2013-04-23 17:09:11,R. K. Godfrey,08/23/1973,72532,,Ouray,Small mountain meadow,"Red Mt. Pass, N of Silverton, el 11,000 ft.",(Raf.) A. Nels,Sedum integrifolium,CO
5176c0f3ded91035b600028a,Herbarium,516db558ea305241090007cb,000050377.large.png,not-logged-in,2013-04-23 17:12:19,Sidney McDaniel,09/24/1964,5272,,Gulf,"common in Hypericum bog, corolla yellow",12 miles west of Wewahitchka,Chapm.,Xyris serotina,FL
5176c8efde59d92515000312,Herbarium,516db962ea30524109000eaf,000056657.large.png,not-logged-in,2013-04-23 17:46:23,A. Nels,08/23/1973,72532,,Ouray,,"Small Mountain meadow, Red Mt. Pass, N of silverton, el 11,000 ft",A. Nels,SEDUM INTEGRIFOLIUM,CO
5176c9a7de59d9251500033b,Herbarium,516db524ea3052410900076d,000050537.large.png,not-logged-in,2013-04-23 17:49:27,R. K. Godfrey,08/23/1973,72532,,Ouray,Small mountain meadow,"small mountain meadow, Red. Mt. Pass, N of Silverton, el 11,000 ft.",r. k. godfrey,sedum integrifolium (raf.) a. nels,CO
5176c9b9de59d92515000347,Herbarium,516dc3b3ea30524109001f46,000051699.large.png,user1622,2013-04-23 17:49:45,R. K. Godfrey,08/23/1973,72532,,Ouray,Small mountain meadow,"Small mountain meadow, Red Mt. Pass, N of Silverton, el 11,000 ft.",(Raf.) A. Nels,SEDUM INTEGRIFOLIUM,CO
5176ca0dde59d92515000367,Herbarium,516dbabeea30524109001123,000052839.large.png,user1622,2013-04-23 17:51:03,R. K. Godfrey,08/23/1973,72532,,Ouray,Small mountain meadow,"Red Mt. Pass, N of Silverton, el 11,000 ft.",(Raf.) A. Nels,Sedum integrifolium,CO
5176ca27de59d9251500036e,Herbarium,516db683ea305241090009bc,000034830.large.png,not-logged-in,2013-04-23 17:51:35,W. R. Fryar,07/04/1964,4,,Leon,,grown in the greenhouse,Small,Eupatorium capillifolium,FL
5176ca3ede59d9251500037f,Herbarium,516dc3d9ea30524109001f7d,000047022.large.png,user1501,2013-04-23 17:51:58,"James D. Ray, Jr.",04/26/1961,10733,,Seminole,Extensive long leaf pine-Serenoa repens flatwood. ,one mile southeast of Oviedo off Fla Rte. 419,Pursh,Ilex coriacea,FL
5176ca5bde59d92515000393,Herbarium,516db7aaea30524109000bbd,000052835.large.png,not-logged-in,2013-04-23 17:52:27,,,,,Ouray,,,nels,sedum integrifolium,CO
5176ca5dde59d92515000396,Herbarium,516db760ea30524109000b3c,000047032.large.png,user762,2013-04-23 17:52:29,Brenda Herring with Don Herring,08/31/1991,392,,Suwannee,Edge of upland mixed forest with much exposed limestone.,Five miles NW of Fort White off of US 17 in Ichetucknee Springs State Park. Ca. 0.7 mile W of Old South Entrance at south-western most gate; 0.3 mile N of gate in N portion of section 3A.,(Michx.) Torr.,Ilex ambigua,FL
5176ca72de59d9251500039c,Herbarium,516db64aea30524109000957,000040477.large.png,user1622,2013-04-23 17:52:50,R. K. Godfrey,08/16/1957,55966,,Taylor,"Flowering summits of culms peeking out above the surface of 6 ft. of water, cypress pond",4 miles north of Steinhatchee,Sw.,Leersia hexandra,FL
5176ca88de59d925150003a9,Herbarium,516dbaceea30524109001143,000064203.large.png,not-logged-in,2013-04-23 17:53:12,R. K. Godfrey,08/23/1973,72532,,Ouray,Small mountain meadow,"Small mountain meadow, Red Mt. Pass, N of Silverton, el 11,000 ft",A. Nels,sedum integrifolium,CO
5176ca8cde59d925150003ac,Herbarium,516db45bea305241090005dc,000024309.large.png,not-logged-in,2013-04-23 17:53:16,Loran C. Anderson,04/16/1987,10382,,Wakulla,Lower edge of highway berm facing marksy area of clobbered wet flatwoods.,2.5 mi. East of St. Marks River bridge (i.e. 2.7 mi. East of Newport),Loran C. Anderson,Schoenus Nigricans L.,FL
5176ca90ded910399800023a,Herbarium,516db315ea30524109000342,000051257.large.png,not-logged-in,2013-04-23 17:53:20,R.K. Godfrey,08/23/1973,72532,,Ouray,Small mountain meadow,"Small mountain meadow, Red Mountain Pass, north of Silverton, elevation 11,000 feet",(Raf.) A. Nels,Sedum integrifolium,CO
5176ca97ded910399800023d,Herbarium,516dc003ea3052410900195f,000050880.large.png,not-logged-in,2013-04-23 17:53:27,,,,,unknown,,,,,FL
5176caa6ded9103998000246,Herbarium,516db1d3ea305241090000d3,000054127.large.png,not-logged-in,2013-04-23 17:53:42,R. K. Godfrey,08/23/1973,72532,,Ouray,"Small mountain meadow, elevation 11,000 feet","Red Mt. Pass, North of Silverton, elevation 11,000 feet",(Raf. ) A. Nels,Sedum Integrifolium,CO
5176caaede59d925150003b5,Herbarium,516db59aea30524109000835,000050893.large.png,not-logged-in,2013-04-23 17:53:50,R. K. Godfrey,08/23/1973,72532,,Ouray,Small mountain meadow,"Red Mt. Pass, N of Silverton, el 11,000 ft.",A. Nels,sedum integrifolium,CO
5176cab0de59d925150003b6,Herbarium,516db198ea3052410900005f,000052722.large.png,not-logged-in,2013-04-23 17:53:52,R. K. Godfrey,08/23/1973,72532,,placeholder,Small mountain meadow,"Small mountain meadow, Red Mt. Pass, N of Silverton, el 11,000 ft.",(Raf.) A. Nels,sedum integrifolium,placeholder
5176cac0ded910399800024f,Herbarium,516db7b2ea30524109000bcc,000049269.large.png,user762,2013-04-23 17:54:08,Loran C. Anderson,05/09/1995,"15,466",,Bay,"Frequent damp, compacted sand of boat ramp and looser sand along edge",Sand Creek at powerline crossing S of Mule Creek,(Juss.) Less.,Soliva pterospera,FL
5176cabeded910399800024e,Herbarium,516dbd52ea3052410900151f,000051386.large.png,user1622,2013-04-23 17:54:11,R. K. Godfrey,08/23/1973,72532,,Ouray,small mountain meadow,"Red Mt. Pass, N of Silverton, el 11,000 ft.",(Raf.) A. Nels,Sedum integrifolium,CO
5176cae5ded9103998000259,Herbarium,516db2a5ea30524109000262,000050794.large.png,not-logged-in,2013-04-23 17:54:45,R.K. Godfrey,08/23/1973,72532,,Ouray,Meadow,"Small mountain meadow, North of Silverton",A. Nels,Sedum Integrifolium,CO
5176cae6ded910399800025a,Herbarium,516db7a6ea30524109000bb6,000056369.large.png,not-logged-in,2013-04-23 17:54:46,,,141515,,unknown,,Florida State University,R. K. Godfrey Herbarium,,FL
5176cb03de59d925150003e6,Herbarium,516db900ea30524109000e11,000034944.large.png,user1501,2013-04-23 17:55:15,R. Kral & P.L. Redfearn,07/20/1956,2881,,Holmes,Occasional in bottomland hardwood stand on wet sandy peat of pond margin,1m. W of Westville,Barratt,Eupatoriadelphus Fistulosus,FL
5176cb13de59d925150003ea,Herbarium,516dbb04ea305241090011a8,000054445.large.png,not-logged-in,2013-04-23 17:55:31,R. K. Godfrey,08/23/1973,72532,,Ouray,Small mountain meadow,"Small mountain meadow, Red Mt. Pass, N of Silverton, el 11,000 ft",R. K. Godfrey,Plant,CO
5176cb1dde59d925150003ee,Herbarium,516dbe75ea305241090016dc,000056782.large.png,user762,2013-04-23 17:55:36,R. K. Godfrey,08/23/1973,72532,,Ouray,"Small mountain meadow, Red Mt. Pass","N of Silverton, el 11,000 ft. ",(Raf.) A. Nels,Sedum Intergrifolium,CO
5176cb14ded9103998000264,Herbarium,516dbec2ea3052410900175c,000052724.large.png,user497,2013-04-23 17:55:37,,,,,unknown,,,R. K. Godfrey,HERBARIUM,FL
5176cb21ded9103998000267,Herbarium,516db87bea30524109000d28,000054622.large.png,not-logged-in,2013-04-23 17:55:45,R. K. Godfrey,08/23/1973,72532,,Ouray,"Small mountain meadow, el 11,000 ft.","Red Mt. Pass, N of Silverton, el 11,000 ft.",(Raf.) A. Nels,SEDUM INTEGRIFOLIUM,CO
5176cb30ded9103998000271,Herbarium,516db195ea3052410900005a,000050935.large.png,not-logged-in,2013-04-23 17:56:00,R. K. Godfrey,08/23/1973,72532,,Ouray,"Small Mountain Meadow, 11,000 ft.","Red Mountain Pass, N of Silverton",A. Nels,Sedum Integrifolium (Raf.),CO
5176cb38ded9103998000278,Herbarium,516dc21dea30524109001cfe,000053080.large.png,not-logged-in,2013-04-23 17:56:13,R. K. Godfrey,08/23/1973,72532,,Ouray,Small mountain meadow,"Small mountain meadow, Red Mt. Pass, N of Silverton, el 11,000 ft.",A. Nels,Sedum Integrifolium,CO
5176cb4dde59d92515000406,Herbarium,516dbdc2ea3052410900159a,000056569.large.png,not-logged-in,2013-04-23 17:56:23,R. K. Godfrey,08/23/1973,72532,,Ouray,Small Mountain Meadow,"Red Mt. Pass, N of Silverton, el 11,000 ft.",(Raf). A. Nels,Sedum Integrifolium,CO
5176cb49de59d92515000403,Herbarium,516dbe28ea30524109001651,000051514.large.png,not-logged-in,2013-04-23 17:56:25,R. K. Godfrey,08/23/1973,72532,,Ouray,,"Small mountatin Meadow, Red Mt. Pass, N of Silverton, el 11,000 ft",A. Nels,Sedum Integrifolium (Raf.),CO
5176cb65ded910399800028a,Herbarium,516dc2aeea30524109001e0a,000071352.large.png,user1622,2013-04-23 17:56:58,R. K. Godfrey,08/23/1973,72532,,Ouray,Small mountain meadow,"Red Mt. Pass, N of Silverton, el 11,000 ft",(Raf.) A. Nels,SEDUM INTEGRIFOLIUM,CO
5176cb6dded9103998000293,Herbarium,516db324ea30524109000362,000052268.large.png,not-logged-in,2013-04-23 17:57:00,R. K. Godfrey,08/23/1973,72532,,Ouray,Small mountain meadow,"Red Mt. Pass in N of Silverton, el 11,000 ft",A. Nels,sedum integrifolium,CO
5176cb6cded9103998000291,Herbarium,516dba74ea30524109001097,000008518.large.png,not-logged-in,2013-04-23 17:57:05,R. Kral,11/12/1955,1784,,Leon,along sandy road,road leading to Larkins Bluff on Ochlockenee River 26 miles west of talahassee,Nuttall,aster adnatus,FL
5176cb7ade59d92515000419,Herbarium,516dbe00ea3052410900160b,000024049.large.png,not-logged-in,2013-04-23 17:57:09,R. K. Godfrey,09/25/1975,,,Franklin,"Abundant in sandy-peaty soil, ephemeral pool","much disturbed area by Apalachicola Bay, Apalachicola",(Rottb.) Hassk,Cyperus Brevifolius,FL
5176cb77de59d92515000415,Herbarium,516dbf37ea3052410900181e,000050650.large.png,user1501,2013-04-23 17:57:11,R. K. Godfrey,08/23/1973,72532,,Ouray,Small mountain meadow,"Red Mt. Pass, N of Silverton, el 11,000 ft.",Raf.,Sedum Integrifolium,CO
5176cb74ded9103998000299,Herbarium,516dc16bea30524109001bc1,000056847.large.png,not-logged-in,2013-04-23 17:57:13,R. K. Godfrey,08/23/1973,72532,,Ouray,Small mountain meadow,"Small mountain medadow, Red Mt Pass, N of Silverton",A. Nels,sedum integrifolium,CO
5176cb7bde59d9251500041a,Herbarium,516dc370ea30524109001ecb,000057248.large.png,not-logged-in,2013-04-23 17:57:15,R.K. Godfrey,08/23/1973,72532,,Ouray,"Small mountain meadow, elev 11,000 ft","Small mountain meadow, Red Mt. Pass, N of Silverton, elev 11,000ft",R.K. Godfrey,SEDUM INTEGRIFOLIUM (Raf.) A. Nels,CO
5176cb88de59d92515000422,Herbarium,516dbab1ea30524109001108,000050792.large.png,not-logged-in,2013-04-23 17:57:23,R. K. Godfrey,08/23/1973,72532,,Ouray,Red Mt. Pass,"Small mountain meadiw, red Mt. Pass",A. Nels,sedum integrifolium,CO
5176cb8ede59d92515000427,Herbarium,516dc122ea30524109001b3e,000009227.large.png,not-logged-in,2013-04-23 17:57:34,Almut G. Jones,10/20/1983,6647,,Walton,moist brackish ground,"Choctawhatchee Bay, south of Freeport",Scott Sundberg,Aster tenuifolius L.,FL
5176cbb2ded9103e3c000003,Herbarium,516dc25fea30524109001d76,000056904.large.png,not-logged-in,2013-04-23 17:57:45,R. K. Godfrey,08/23/1973,72532,,Ouray,Small mountain meadow,"Red Mt. Pass, N of Silverton, el 11,000 ft.",(Raf.) A. Nels,SEDUM INTEGRIFOLIUM,CO
5176cbb2ded9103e3c000008,Herbarium,516db16bea30524109000006,000052553.large.png,not-logged-in,2013-04-23 17:57:46,R. K. Godfrey,08/23/1973,72532,,Ouray,"Small mountain meadow, Red Mt. Pass","Small mountain meadow, Red Mt. Pass, N of Silverton, el 11,000 ft.",(Raf.) A. Nels,SEDUM INTEGRIFOLIUM,CO
5176cbb2ded9103e3c000006,Herbarium,516dc04eea305241090019e0,000054263.large.png,not-logged-in,2013-04-23 17:57:46,R.K. Godfrey,08/23/1973,72532,,Ouray,Small mountain meadow,"Small mountain meadow, Red. Mt. Pass, N of Silverton, el 11,000 ft.",A. Nels,Sedum Integrifolium,CO
5176cbb2ded9103e3c000005,Herbarium,516dc3cbea30524109001f66,000054020.large.png,not-logged-in,2013-04-23 17:57:56,R. K. Godfrey,08/23/1973,72532,,Ouray,Small moutain meadow,"Red Mt. Pass, N of Silverton, el 11,000 ft",A. Nels,Sedum Integrifolium,CO
5176cbb2ded9103e3c00000d,Herbarium,516dba03ea30524109000fdb,000053221.large.png,user497,2013-04-23 17:57:57,R. K. Godfrey,08/23/1973,73532,,unknown,Small mountain meadow,"Small mountain meadow, Red Mt. Pass, N of Silverton",R. K. Godfrey,Sedum Integrifolium (Raf.) A. Nels,FL
5176cbb2ded9103e3c000009,Herbarium,516db4a9ea3052410900067e,000053704.large.png,not-logged-in,2013-04-23 17:57:57,R. K. Godfrey,08/23/1973,72532,,Ouray,Small mountain meadow,"Red Mt. Pass, N of Silverton, el 11,000 ft.",A. Nels,SEDUM INTEGRIFOLIUM,CO
5176cbb2ded9103e3c000004,Herbarium,516db7f9ea30524109000c48,000008804.large.png,not-logged-in,2013-04-23 17:58:05,"Paul L. Redfearn, Jr.",,1074,,Leon,Growing in open areas of a pine-palmetto flat woods,Near Horne Springs. 6 miles SE of Tallahassee,L.,Aster dumosus ,FL
5176cbb3ded9103e3c000018,Herbarium,516dbb45ea30524109001218,000050320.large.png,not-logged-in,2013-04-23 17:58:10,Loran C. Anderson,,"22,606",,Wakulla,Frequent in moist loamy sand along outer border of small depression pond with Nyssa and Ilex myrtifolia,E of Rd 316 and W of Otter Creek (NNW of Otter Lake),Loran C. Anderson,Xyris platylepis,FL
5176cbb5ded9103e3c000028,Herbarium,516db5c0ea3052410900087d,000008789.large.png,user762,2013-04-23 17:58:13,John B. Nelson,10/23/1978,1068,,Leon,"Rays light purple, disks yellowish; few plants seen, these from water 4 inches deep, full sun at edge of lake; with Eleocharis, Xyris, Nelumbo, Pontederia","Pontederia; picnic area at Maclay Gardens Park, north of Tallahassee.",Michx.,Aster subulatus,FL
5176cbb8ded9103e3c00002e,Herbarium,516db7c8ea30524109000bf5,000024053.large.png,not-logged-in,2013-04-23 17:58:16,Loran C. Anderson,,20709,,unknown,Wet sand loam of berm by boat launch,"NW end of Lake Piney Z, in SE sector of Tallahassee",Vahl,Kyllinga odorata,FL
5176cbbcded9103e3c000034,Herbarium,516db98cea30524109000f03,000053206.large.png,user759,2013-04-23 17:58:20,R. K. Godfrey,08/23/1973,72532,,Ouray,Small mountain meadow,"Red Mt. Pass, N of Silverton, el 11,000 ft.",(Raf.) A. Nels,SEDUM INTEGRIFOLIUM,CO
5176cbb7ded9103e3c00002c,Herbarium,516db57fea3052410900080b,000054867.large.png,not-logged-in,2013-04-23 17:58:20,"R, K, Godfrey",08/23/1973,72532,,Ouray,"elevation 11,000 ft","Small mountain meadow, Red Mt. Oass, N of Silverton el 11,000 ft",A. Nels,sedum integrifolium,CO
5176cbc0ded9103e3c00003f,Herbarium,516db9feea30524109000fd0,000053806.large.png,not-logged-in,2013-04-23 17:58:24,No. 72532,08/23/1973,Det. RKG,,Ouray,Collected by R. K. Godfrey,Date: 23 August 1973,"Small mountain meadow, Red Mt. Pass N. of Silverton, el 11,000 f.",Sedum integrifolium (Raf.) A. Nels,CO
5176cbc1ded9103e3c000040,Herbarium,516db246ea305241090001a7,000053845.large.png,user371,2013-04-23 17:58:25,R. K. Godfrey,08/23/1973,72532,,Ouray,Small mountain meadow,"N of Silverton, el 11,000 ft.",(Raf.) A. Nels,SEDUM INTEGRIFOLIUM,CO
5176cbc2ded9103e3c000044,Herbarium,516dbcaeea30524109001452,000010088.large.png,user1838,2013-04-23 17:58:31,R K Godfrey,11/08/1969,69251,,Taylor,Shrub ca 2 m tall,"In slash pine flatwoods, 12 miles SE of Perry.",Godfrey,BACCHARIS GLOMERULIFLORA,FL
5176cbcfded9103e3c00004b,Herbarium,516dc152ea30524109001b93,000054057.large.png,user1448,2013-04-23 17:58:39,R. K. Godfrey,08/23/1973,72532,,Ouray,Small mountain meadow,"Small mountain meadow, Red Mt. Pass, N of Silverton, wl 11,000 ft.",(Raf.) A. Nels,Sedum Integrifolium,CO
5176cbd8de59d928e8000013,Herbarium,516dc0d1ea30524109001ab4,000057215.large.png,not-logged-in,2013-04-23 17:58:43,R. K. Godfrey,08/23/1973,72532,,Ouray,Small mountain meadow,"Red Mt. Pass, N of Silverton, el 11,000 ft.",(Raf.) A. Nels,SEDUM INTEGRIFOLIUM,CO
5176cbd4de59d928e8000009,Herbarium,516db867ea30524109000d07,000052438.large.png,not-logged-in,2013-04-23 17:58:44,R. K. Godfrey,08/23/1973,72532,,Ouray,"Small mountain meadow. el 11,000 ft.","Red Mt. Pass, N of Silverton",(Raf.) A. Nels,Sedum Integrifolium,CO
5176cbcfded9103e3c00004a,Herbarium,516dc0a4ea30524109001a61,000033535.large.png,user1827,2013-04-23 17:58:44,R. Lazor,10/25/1968,1335,,Wakulla,Roadside margin of ti-ti thicket in pine flatwoods,6-8 miles W of junction of Hwy 268 and Apalachicola Forest Rd.,R. Lazor,Eupatorium perfoliatum L.,FL
5176cbd7de59d928e800000f,Herbarium,516db83fea30524109000cc6,000053683.large.png,user1382,2013-04-23 17:58:47,R. K. Godfrey,08/23/1973,72532,,Ouray,Small mountain meadow,"Red Mt. Pass, N of Siverton, el 11,000 ft",A. Nels,Sedum Integrifolium,CO
5176cbd6ded9103e3c00004c,Herbarium,516dc080ea30524109001a39,000052536.large.png,user1501,2013-04-23 17:58:51,R. K. Godfrey,08/23/1973,72532,,Ouray,Small mountain meadow,"Red Mt. Pass, N of Silverton, el 11,000 ft.",Raf.,Sedum Integrifolium,CO
5176cbe4de59d928e8000018,Herbarium,516dbf84ea3052410900188d,000040560.large.png,not-logged-in,2013-04-23 17:58:55,R. K. Godfrey,10/24/1977,76104,,Calhoun,Wet sands of exposed shores of river,Shores of Apalachicola River at Ocheesee Landing,(Lam.) Gray,Leptochloa Fascicularis,FL
5176cbdaded9103e3c000051,Herbarium,516db78fea30524109000b8d,000032762.large.png,not-logged-in,2013-04-23 17:58:55,Holly D. Maurushat,10/01/1968,52,,Taylor,Plants intermixed on open pond bad lacking surface water.,At junction of US27 and State Road 361.,Holly D. Maurushat,Eupatorium Capillifolium,FL
5176cbeade59d928e800001f,Herbarium,516dbe14ea3052410900162f,000051503.large.png,not-logged-in,2013-04-23 17:59:06,R. K. Godfrey,,72532,,Ouray,Small mountain meadow,"Red Mt. Pass, N of Silverton, el 11,000 ft.",(Raf.) A. Nels,SEDUM INTEGRIFOLIUM,CO
5176cbf6de59d928e8000028,Herbarium,516db9f0ea30524109000fba,000054141.large.png,not-logged-in,2013-04-23 17:59:17,R. K. Godfrey,08/23/1973,72532,,Ouray,"Small mountain meadow, elevation 10000 feet","Small mountain meadow, Red Mt. Pass, N. of Silverton, el 10000 ft.",R. K. Godfrey,Sedum integrifolium (Raf.) A. Nels,CO
5176cbfdded9103e3c000066,Herbarium,516db2d6ea305241090002c2,000009795.large.png,not-logged-in,2013-04-23 17:59:25,J. P. Gillespie,05/12/1958,913 (a),,placeholder,"Root tip preserved, seeds saved","City Cleaners, Athens, Alabama",J. Bain,Senecio glabellus poir,placeholder
5176cbffde59d928e8000034,Herbarium,516dbe4cea30524109001694,000053257.large.png,user1189,2013-04-23 17:59:27,R. K. Godfrey,08/23/1973,72532,,Ouray,Small mountain meadow,"Small mountain meadow, N of Silverton, el 11,000 ft.",(Raf.) A. Nels,SEDUM INTEGRIFOLIUM,CO
5176cc00de59d928e8000035,Herbarium,516db5a5ea30524109000848,000053067.large.png,user106,2013-04-23 17:59:28,R.K. Godfrey,08/23/1973,72532,,Ouray,Small mountain meadow,"Red Mt. Pass, N of Silverton, el 11,000 ft.",(Raf.) A. Nels,Sedum integrifolium,CO
5176cc08de59d928e8000037,Herbarium,516dbfb2ea305241090018d5,000050371.large.png,not-logged-in,2013-04-23 17:59:36,Robert Kral,08/20/1958,7921,,Sumter,wet flatwoods sands,3 miles southwest Tarrytown,Chapm.,Xyris serotina,FL
5176cc0bded9103e3c00007c,Herbarium,516dc2b7ea30524109001e1a,000052719.large.png,not-logged-in,2013-04-23 17:59:39,R. K. Godfrey,08/23/1973,72532,,Ouray,Small mountain meadow,"Red Mt. Pass, N of Silverton, el 11,000 ft",A. Nels,Sedum Integrifolium,CO
5176cc07ded9103e3c000076,Herbarium,516db51aea30524109000758,000056630.large.png,not-logged-in,2013-04-23 17:59:40,R.K. Godfrey,08/23/1973,72532,,Ouray,meadow,"Small mountain meadow, Red Mt. Pass, N of Silverton, el 11,000 ft.",(Raf.) A. Nels,Sedum Integrifolium,CO
5176cc12de59d928e8000038,Herbarium,516dba69ea30524109001087,000053070.large.png,user762,2013-04-23 17:59:41,R. K. Godfrey,08/23/1973,72532,,Ouray,Small mountain meadow,"Red Mt. Pass, N of Silverton, el, 11,000 ft.",(Raf.) A. Nels,Sedum Integrifolium,CO
5176cc1fded9103e3c000091,Herbarium,516dc251ea30524109001d5b,000051456.large.png,not-logged-in,2013-04-23 17:59:59,R. K. Godfrey,08/23/1973,72532,,Ouray,Small mountain meadow,Small mountain meadow,(Raf.) A. Nels,SEDUM INTEGRIFLIUM (Raf.) A. Nels,CO
5176cc2aded9103e3c00009b,Herbarium,516db94aea30524109000e87,000046897.large.png,not-logged-in,2013-04-23 18:00:10,"R, K. Godfrey",04/12/1964,63290,,Liberty,"Hardwood forest, Apalachicola River bluffs",Torreya State Park,S. McDaniel,Vaccinium Stamineum L.,FL
5176cc36ded9103e3c0000a0,Herbarium,516db936ea30524109000e65,000027287.large.png,not-logged-in,2013-04-23 18:00:21,R. K. Godfrey,09/08/1960,60255,,Liberty,Clearing of woodland along river,"Clearing of bottomland woodland along the Ochlockonee River, W of Tallahassee",Michx. James W. Kessler,Scleria ciliata,FL
5176cc42de59d928e800004f,Herbarium,516dbdfbea30524109001602,000023972.large.png,not-logged-in,2013-04-23 18:00:34,,07/13/1955,53641,,Leon,"On peat, exsiccated lake bottom, Lake Bradford",Lake Bradford,Kral,Fuirena Pumila Torr,FL
5176cc4ade59d928e8000051,Herbarium,516dbe3cea30524109001675,000008941.large.png,not-logged-in,2013-04-23 18:00:37,K.Craddock Burks,11/07/1990,618,,Leon,,"Frequent along grassy field track paralleling S side of Panther Creek drainage, close to junciton with Magnolia Rd., Ring Oak Plantation. NW1/4 of NE1/4 Sec 22, T2N R3E",(L.) Britt.,Aster Lateriflorus,FL
5176cc47ded9103e3c0000ad,Herbarium,516db5b3ea30524109000863,000044216.large.png,not-logged-in,2013-04-23 18:00:39,D. W. Hall,06/22/1982,616,,Polk,Common in open areas between rows of citrus grove,"Harmon Brothers Grove, se Haines City",(F. Muell.) Hughes,Brachiaria piligera,FL
5176cc55de59d928e8000057,Herbarium,516dc085ea30524109001a44,000052891.large.png,not-logged-in,2013-04-23 18:00:47,R. K. Godfrey,08/23/1973,72532,,Ouray,Small mountain meadow,"Red Mt. Pass, N of Silverton, el 11,000 ft.",(Raf.) A. Nels,SEDUM INTEGRIFOLIUM,CO
5176cc5ade59d928e8000062,Herbarium,516dbe9fea30524109001722,000035135.large.png,not-logged-in,2013-04-23 18:00:53,Victoria I. Sullivan,09/12/1969,1288,,Citrus,"growing on burned over hummock (spoil) surrounded by salt marsh, growing with E. mikanioides",Oxella Rd. 3 miles W of US 19,putative,Eupatorium rotundifolium X makinioides,FL
5176cc55ded9103e3c0000b3,Herbarium,516dba1cea30524109001003,000053817.large.png,user1827,2013-04-23 18:00:53,R. K. Godfrey,08/23/1973,72532,,placeholder,"Small mountain meadow, el 11,000 ft.","Red Mt. Pass, N of Siverton",A. Nels,Sedum Integrifolium,CO
5176cc57de59d928e800005a,Herbarium,516dbd79ea30524109001537,000015404.large.png,not-logged-in,2013-04-23 18:00:55,Richard S. Mitchell,07/29/1960,463,,Jackson,Rich calcarious soil of woodland,Marianna Caverns State Park,L.,Aristolochia serpentaria,FL
5176cc5ede59d928e8000067,Herbarium,516db8f3ea30524109000df8,000049983.large.png,not-logged-in,2013-04-23 18:00:57,R. Kral,08/10/1958,7805,,Levy,Moist sands of depression in pine flatwoods,5 miles SE Lebanon Station,Malme,Xyris curtissii Malme,FL
5176cc55ded9103e3c0000b4,Herbarium,516db9f1ea30524109000fbb,000016375.large.png,user1003,2013-04-23 18:00:58,R. Kral,10/09/1969,37700,,Etowah,"sandy loam of disturbed, open, lobally pine flatwoods. Ligules white; leaves extrememly variable.","SE side Attalla onAla 77; sandy loam of disturbed, open, loblolly pine flatwoods.",(T.&G.) Milstead,Prenanthes barbata,AL
5176cc61de59d928e800006a,Herbarium,516db7d8ea30524109000c12,000044651.large.png,not-logged-in,2013-04-23 18:01:00,Robert K. Godfrey with R. W. Simons & Angus Gholson,,81425,,Marion,"Abundant, wet woodland","Morman Branch of Juniper Spring Creek, a little E of Fla. Rt. 19 ca 1/4 mile S of Juniper Spring Creek",(Lam.) Judd,AGARISTA POPULIFOLIA,FL
5176cc67de59d928e800006f,Herbarium,516db61bea3052410900090d,000052286.large.png,not-logged-in,2013-04-23 18:01:06,R.K Godfrey,08/23/1973,72532,,Ouray,"Small mountain medow, el 11,000 ft","Red Mt. Pass, N of Silverton, el 11,000 ft",A. Nels,Sedum Intergrifolium,CO
5176cc69de59d928e8000073,Herbarium,516dc39bea30524109001f1e,000056352.large.png,not-logged-in,2013-04-23 18:01:08,R. K. Godfrey,08/23/1973,72532,,Ouray,Small mountain meadow,"Red Mt. Pass, N of Silverton, el 11,000 ft.",(Raf.) A. Nels,Sedum Integrifolium,CO
5176cc75de59d928e8000077,Herbarium,516dbcc5ea3052410900147a,000051305.large.png,not-logged-in,2013-04-23 18:01:20,R K Godfrey,08/23/1973,72532,,Ouray,"Small mountain meadow, Red Mt. Pass",N of Silverton,(Raf.) A. Nels,Sedum Integrifolium,CO
5176cc6bded9103e3c0000c3,Herbarium,516dbf58ea30524109001853,000051311.large.png,not-logged-in,2013-04-23 18:01:20,Collected by. R. K. Godfrey,08/23/1973,No. 72532 DET. RKG,,Ouray,Date 23 August 1973,"Small mountain meadow, Red Mt. Pass, N of Silverton, el 11,000 ft.",SEDUM INTEGRIFOlIUM (Raf.) A. Nels,"Herbarium of florida state university, Tallahassee",CO
5176cc71ded9103e3c0000c6,Herbarium,516dbe98ea30524109001716,000047801.large.png,not-logged-in,2013-04-23 18:01:21,S. W. Leonard,02/19/1983,8038,,Citrus,sucker sprouts from a bush-hogged palm hammock,"north side of Rt. 44, ca. 1 mi. from western end near mouth of Crystal River",S. W. Leonard,Tilia,FL
5176cc70ded9103e3c0000c5,Herbarium,516dbba4ea305241090012b3,000009244.large.png,not-logged-in,2013-04-23 18:01:25,Loran C. Anderson,,"17,256",,Leon,"Frequent in drying sandy loam along edge of pine-oak woodland just SW of horse trailer entrance, S of Miller Landing Rd.","W of Meridian Rd, N of Tallahassee, T2N, R1W, SE1/4 Sec 25",,Aster undulatus,FL
5176cc78ded9103e3c0000c8,Herbarium,516db898ea30524109000d54,000057127.large.png,not-logged-in,2013-04-23 18:01:33,R. K. Godrey,08/23/1973,72532,,Ouray,Small mountain meadow,"Small mountain meadow, Rd Mt. Pass, N of Silverton, el 11,000 ft.",(Raf.) A. Nels,Sedum Integrifolium,CO
5176cc7aded9103e3c0000cc,Herbarium,516db81eea30524109000c8c,000052873.large.png,not-logged-in,2013-04-23 18:01:35,r k godfrey,08/23/1973,72532,,Ouray,small mountain pass,"small mountain meadow, red mountain pass, n of silverton, el 11,oo ft",r k godfrey,sedum integrifolium (raf) a. nels,CO
5176cc84ded9103e3c0000db,Herbarium,516dc3d6ea30524109001f77,000050640.large.png,not-logged-in,2013-04-23 18:01:40,R.K. Godfrey,08/23/1973,72532,,Ouray,Small Mountain Meadow,"Red Mt. Pass, N of Silverton el 11,000 ft",(Raf.) A. Nels,Sedum Integrigolium,CO
5176cc80ded9103e3c0000d5,Herbarium,516db50bea3052410900073a,000056640.large.png,user1191,2013-04-23 18:01:41,R. K. Godfrey,08/23/1973,72532,,Ouray,Small mountain meadow,"Small mountain meadow, Red Mt. Pass, N of Silverton, el 11,000 ft.",A. Nels,Sedum Integrifolium,CO
5176cc81ded9103e3c0000d7,Herbarium,516dbc3bea30524109001395,000052833.large.png,not-logged-in,2013-04-23 18:01:42,R.K. Godfrey,08/23/1973,72532,,Ouray,Small mountain meadow,"Red Mt. Pass, N of Silverton, el 11,000 ft.",A. Nels,Sedum Integrifolium,CO
5176cc95ded9103e3c0000e6,Herbarium,516dc031ea305241090019aa,000051368.large.png,not-logged-in,2013-04-23 18:01:56,R. K. Godfrey,08/23/1973,72532,,Ouray,Small mountain meadow,"Red Mt. Pass, N of Silverton, el 11,000 ft.",A. Nels,Sedum integrifolium,CO
5176cc97de59d928e8000088,Herbarium,516dc20dea30524109001ce0,000023159.large.png,user759,2013-04-23 18:01:59,Loran C. Anderson,,"19,316",,Nassau,Frequent in wet sandy loam at edge of woodland,"bordering Little St. Marys River at Rte 115A bridge, 3.3 mi NE of Hwy 301 (and Hilliard).",(HBK) R.&S.,Eleocharis montana,FL
5176cc9ede59d928e800008c,Herbarium,516dc1a2ea30524109001c1f,000040567.large.png,user554,2013-04-23 18:02:01,R K Godfrey,09/14/1963,63065,,placeholder,"turkey oak, longleaf pine sandridge",ca 5 miles SE of Tallahassee,Schult,Sytrlame cagratum,placeholder
5176cc97ded9103e3c0000e9,Herbarium,516dba19ea30524109001000,000052731.large.png,not-logged-in,2013-04-23 18:02:04,R. K. Godfrey,08/23/1973,72532,,Ouray,Small Mountain meadow,"Small Mountain Meadow, Red Mt. Pass, N of Silverton, el 11,000 ft.",R. K. Godfrey,SEDUM INTEGRIFOLIUM (Raf.) A. Nels,CO
5176cca1de59d928e800008e,Herbarium,516db2fbea3052410900030c,000008727.large.png,not-logged-in,2013-04-23 18:02:09,Penny Yeager,02/25/1957,,,Highlands,in cultivation,Sebring,,Senecio confusus,FL
5176cc9eded9103e3c0000f1,Herbarium,516db356ea305241090003c5,000052713.large.png,user2306,2013-04-23 18:02:11,R. K. Godfrey,08/23/1973,72532,,Ouray,Small mountain meadow,"Red Mt. Pass, N of Silverton, el 11,000 ft",A. Nels,Sedum Integrifolium,CO
5176cca9de59d928e8000099,Herbarium,516db1b6ea3052410900009c,000052744.large.png,not-logged-in,2013-04-23 18:02:12,R. K. Godfrey,08/23/1973,72532,,Ouray,Small mountain meadow,"Red Mt. Pass, N of Silverton, el 11,000 ft.",(Raf.) A. Nels,Sedum Integrifolium,CO
5176ccaade59d928e800009a,Herbarium,516dbabbea3052410900111d,000044667.large.png,not-logged-in,2013-04-23 18:02:13,R. K. Godfrey,07/22/1960,60089,,Levy,"Shrub, pine flatwoods","Shurb, pine flatwoods, ca. 11 miles north of Cedar Key",,Befaria racemosa Vent,FL
5176ccacde59d928e800009c,Herbarium,516db9a5ea30524109000f35,000050878.large.png,not-logged-in,2013-04-23 18:02:20,R. K. Godfrey,08/23/1973,72532,,Ouray,Mountain Pass,"Small mountain, Red Mt. Pass, N of Sliverton, el 11,000 ft.",(Raf.) A. Nels,SEDUM INTEGRIFOLIUM,CO
5176ccacded9103e3c0000fa,Herbarium,516db797ea30524109000b99,000051770.large.png,not-logged-in,2013-04-23 18:02:25,"N od Silverton, el 11,000 ft",08/23/1973,Date 23 August 1973,,unknown,"Small mountain meadow , Red Mt. Pass,",SEDUM INTEGRIFOLIUM (Ref) A. Nels,ORAY,Colorado,FL
5176ccb3de59d928e80000a1,Herbarium,516dbb5fea30524109001245,000049103.large.png,not-logged-in,2013-04-23 18:02:27,Loran C. Anderson,,22512,,Wakulla,"Mesic coastal, calcareous hammock",St. Marks National Wildlife Refuge,Mill,Solidago rugosa,FL
5176ccbcde59d928e80000b0,Herbarium,516db465ea305241090005f2,000052341.large.png,not-logged-in,2013-04-23 18:02:31,R. K. Godfrey,08/23/1973,72532,,Ouray,Small mountain meadow,"Red Mt. Pass, N of Silverton, el 11,000 ft.",(Raf.) A. Nels,Sedum integrifolium,CO
5176ccbaded9103e3c000104,Herbarium,516db3feea30524109000521,000023904.large.png,user1382,2013-04-23 18:02:34,Gary R. Knight,07/26/1982,671,,Jackson,"A sandy, wet overflow area of a small stream. Locally abundant as long as the soil it was growing in was fairly wet.","0,3 mi. N. of little Zion Baptist church",Coville,Fuirena breviseta Coville,FL
5176ccbbde59d928e80000ae,Herbarium,516dbf4dea30524109001841,000050678.large.png,user371,2013-04-23 18:02:35,R. K. Godfrey,08/23/1973,72532,,Ouray,Small mountain meadow,"N of Silverton, el 11,000 ft.",(Raf.) A. Nels,SEDUM INTEGRIFOLIUM,CO
5176ccbeded9103e3c00010c,Herbarium,516db9e8ea30524109000fad,000052720.large.png,not-logged-in,2013-04-23 18:02:38,R. K. Godfrey,08/23/1973,72532,,Ouray,Small mountain meadow,"Red Mt. Pass, N of Silverton, el 11,000 ft.",(Raf.) A. Nels,SEDUM INTEGRIFOLIUM,CO
5176ccc1de59d928e80000b2,Herbarium,516db48cea30524109000642,000047073.large.png,user1736,2013-04-23 18:02:41,Wilson Baker,04/27/1983,s.n.,,Liberty,"High pineland, now turkey oak","Sand ridge between Kelly Branch and Little Sweetwater ravine, North of Bristol",Wilson Baker,Ilex decidua,FL
5176ccbdded9103e3c00010b,Herbarium,516db372ea305241090003fc,000044641.large.png,not-logged-in,2013-04-23 18:02:42,Richard S. Mitchell,07/16/1960,414,,Jackson,Dry open woodland,Marianna Caverns State Park ,L.,Polymnia uvedalia,FL
5176cccade59d928e80000ba,Herbarium,516db96bea30524109000ec0,000054179.large.png,not-logged-in,2013-04-23 18:02:45,R. K. Godfrey,08/23/1973,72532,,placeholder,Small Mountain Meadow,"Small mountain meadow, Red Mt. Pass N of Silverton, el 11,000 ft.",R. K. Godfrey,Sedum Integrifolium,placeholder
5176ccc6ded9103e3c000111,Herbarium,516db956ea30524109000e9b,000050337.large.png,not-logged-in,2013-04-23 18:02:46,R. K. Godfrey,09/29/1956,55179,,Leon,,"Spring-run, down the slope of a sand ridge, at 'The Cascades', 10 miles west of Tallahassee",,Xyris Playylepis Chapm.,FL
5176ccc8de59d928e80000b8,Herbarium,516db73bea30524109000afa,000047751.large.png,not-logged-in,2013-04-23 18:02:48,Gary R. Knight,07/26/1982,656,,Jackson," Growing in dry, sandy soil.",0.3 mi N. of Little Zion Baptist church.,(Michx.) Nees,Seriocarpus tortifolius,FL
5176ccd9de59d928e80000c5,Herbarium,516dbb11ea305241090011c3,000008772.large.png,not-logged-in,2013-04-23 18:03:00,Robert K. Godfrey with Angus Gholson,11/11/1983,81056,,Jackson,open calcareous glade,"2.1 miles N of U.S. Rt. 90 at Marianna, by Bumpnose road",Robert K. Godfrey,Aster Dumosus L.,FL
5176ccd5de59d928e80000c2,Herbarium,516db1c8ea305241090000be,000024118.large.png,not-logged-in,2013-04-23 18:03:01,Loran C. Anderson,,18119,,Putnam,Frequent amongst grasses of wet roadside depression,"near Moorings Motel and Marina, E of Hwy 17, ca. 0.5 mi N of Paltaka",(Cov.) G. Tucker,Lipocarpha aristulata,FL
5176ccd7ded9103e3c000118,Herbarium,516db8ddea30524109000dd4,000053535.large.png,not-logged-in,2013-04-23 18:03:03,R. K. Godfrey,08/23/1973,72532,,Ouray,"Small mountain meadow, Red Mt. Pass","N of Silverton, el 11,000 ft.",R. K. Godfrey,SEDUM INTEGRIFOLIUM (Raf.) A. Nels,CO
5176ccd8ded9103e3c000119,Herbarium,516dc1b9ea30524109001c49,000071373.large.png,not-logged-in,2013-04-23 18:03:04,R. K. Godfrey,08/23/1973,72532,,Ouray,Small mountain meadow,"Red Mt. Pass, North of Silverton, el. 11,000 ft.",A. Nels,sedum integrifolium ,CO
5176cce0de59d928e80000ca,Herbarium,516dbf9aea305241090018b1,000071428.large.png,not-logged-in,2013-04-23 18:03:07,R. K. Godfrey,08/23/1973,72532,,Ouray,"N of Silverton el 11,000 ft.",Small Mountain Meadow ,A. Nels,SEDUM INTEGRIFOLIUM,CO
5176ccdbded9103e3c00011e,Herbarium,516db917ea30524109000e39,000052434.large.png,not-logged-in,2013-04-23 18:03:07,R. K. Godfrey,08/23/1973,72532,,Ouray,"Small mountain meadow, el 11,000 ft","Red Mt. Pass, N of Silverton",A. Nels,Sedum Integrifolium,CO
5176cceade59d928e80000d4,Herbarium,516db31dea30524109000353,000054915.large.png,not-logged-in,2013-04-23 18:03:17,R. K. Godfrey,08/23/1973,72532,,Ouray,Mountain meadow,"Small mountain Medow, Red Mt. Pass",A. Nels,Sedum Integrifolium [Raf.] A. Nels,CO
5176cce1ded9103e3c000123,Herbarium,516db38eea30524109000435,000049989.large.png,not-logged-in,2013-04-23 18:03:18,Jean Wooten,05/13/1966,262,,Leon,,"S.kR. 375, 8 miles south S.R. 20",Chapm.,Xyris difformis Chapm. var. floridana,FL
5176cce8de59d928e80000d1,Herbarium,516db309ea30524109000328,000008544.large.png,not-logged-in,2013-04-23 18:03:20,R. Kral,06/29/1956,2758,,Franklin,Apalachicola River bank,"Occasional on wet sandy-clay-allauvium of Apalachicola River bank, 1-3 m. N of RR bridge NW of Apalachicola.",R. Kral,Aster carolinianus Walt,FL
5176ccfdde59d928e80000e1,Herbarium,516dbc02ea3052410900134d,000043187.large.png,not-logged-in,2013-04-23 18:03:36,R.K. Godfrey,11/26/1980,78303,,Highlands,sandy waste,by US Rt 27 S of Lake Wales near jct with FLA Rt 70,"(L,) Beauv.",Erianthus Ravennae,FL
5176ccf3ded9103e3c000134,Herbarium,516dba28ea30524109001016,000050367.large.png,not-logged-in,2013-04-23 18:03:36,Loran C Anderson,,19033,,Franklin,Open Taxodium-Nyssa ursina swamp,"Tate's Hell Swamp: Big Slough Branch of Whishkey George Creek, restoration site 2 on S side of North Boundry Rd, ca. 1.8 air mi S of Liberty Country Line, T6S, R6W, NW1/4 Sec 5",Chapm.,Xyris serotina,FL
5176ccf4ded9103e3c000135,Herbarium,516dc278ea30524109001da9,000057018.large.png,not-logged-in,2013-04-23 18:03:37,R. K. Godfrey,08/23/1973,72532,,Ouray,Small mountain meadow,"Red Mt. Pass, N of Silverton, el 11,000 ft.",(Raf.) A. Nels,Sedum Integrifolium,CO
5176ccf8ded9103e3c000137,Herbarium,516db713ea30524109000ab8,000056188.large.png,not-logged-in,2013-04-23 18:03:41,R. K. Godfrey,08/23/1973,72532,,Ouray,Small mountain meadow,"Red Mt, Pass, N of Silverton, el 11,000 ft.",A. Nels,Sedum Integrifolium,CO
5176ccffded9103e3c00013e,Herbarium,516db25eea305241090001d3,000051589.large.png,not-logged-in,2013-04-23 18:03:43,R. K. Godfrey,08/23/1973,72532,,Ouray,"Small mountain meadow, el 11,000 ft.","Red Mt. Pass, N of Silverton, el 11,000 ft.",(Raf.) A. Nels,Sedum integrifolium,CO
5176cd0cde59d928e80000ef,Herbarium,516dbfdbea3052410900191d,000057011.large.png,not-logged-in,2013-04-23 18:03:56,R. K. Godfrey,08/23/1973,72532,,Ouray,Small mountain meadow,"Red Mt. Mass, N of Silverton, el 11,000 ft. ",(Raf.) A. Nels,Sedum integrifolium,CO
5176cd0cded9103e3c00014a,Herbarium,516dbe00ea3052410900160b,000024049.large.png,not-logged-in,2013-04-23 18:04:01,R.K. Godfrey,09/25/1975,,,Franklin,"Matted. Abundant in sandy-peaty soil, ephemeral pool, much disturbed","Apalachiacola Bay, Apalachicola",Rottb. Hassk.,Cyperus brevifolius,FL
5176cd13de59d928e80000f8,Herbarium,516dba98ea305241090010dc,000054463.large.png,not-logged-in,2013-04-23 18:04:03,R.K. GODFREY,08/23/1973,72532,,Ouray,,"SMALL MOUNTAIN MEADOW, RED MT. PASS, NORTH OF SILVERTON, EL 11000 FT",A. NELS,SEDUM INTEGRIFOLIUM,CO
5176cd23de59d928e8000104,Herbarium,516db35cea305241090003d2,000054963.large.png,user1003,2013-04-23 18:04:14,R. K. Godfrey,08/23/1973,72532,,Ouray,Small mountain meadow,"Red Mt. Pass, N of Silverton, el 11,000 ft.",(Raf.) A. Nels,Sedum integrifolium,CO
5176cd24ded9103e3c000159,Herbarium,516db774ea30524109000b62,000032699.large.png,not-logged-in,2013-04-23 18:04:20,Holly Maurushat,10/15/1968,60,,Leon,Plants abundant and intermixed along side of bulldozed drainage ditch where banks of soil had been piled.  Thirty inflorescences used for character indices.,"Along State Road 154, about 2 miles west of junction with U.S. 27.",Lam,"Eupatorium Capillifolium (lam.) small, and E. Compositifolium Walt.",FL
5176cd24de59d928e8000105,Herbarium,516dbd79ea30524109001538,000052752.large.png,not-logged-in,2013-04-23 18:04:20,r. k. godfrey,08/23/1973,72532,,Ouray,red mountain pass,"small mountain pass, n of silverton",a. nels,sedum integrifolium,CO
5176cd2cded9103e3c000165,Herbarium,516dc138ea30524109001b62,000056815.large.png,not-logged-in,2013-04-23 18:04:28,R.K. Godfrey,08/23/1973,72532,,Ouray,small mountain meadow,"Red Mt Pass, N of Silverton, el 11,000 ft",(Raf.) A. Nels,Sedum Integrifolium,CO
5176cd40de59d928e800011f,Herbarium,516db9f6ea30524109000fc4,000057095.large.png,not-logged-in,2013-04-23 18:04:43,R. K. Godfrey,08/23/1973,72532,,Ouray,Small mountain meadow,"Small mountain meadow, Red Mt. Pass, N of Silverton, el 11,000 ft.",(Raf.) A. Nels,Sedum Integrifolium,CO
5176cd3bded9103e3c000177,Herbarium,516dc0c5ea30524109001a9f,000034870.large.png,user2174,2013-04-23 18:04:43,R. K. Godfrey & Richard D. Houk,10/13/1962,62603,,Dixie,,"Roadbanks thrown up by highway building, between Steinhatchee and Fish Creek.",(Lam.) Small,Eupatorium capillifolium,FL
5176cd38ded9103e3c000170,Herbarium,516dc2bbea30524109001e22,000051684.large.png,not-logged-in,2013-04-23 18:04:45,,,,,,,,,,FL
5176cd42ded9103e3c000181,Herbarium,516db372ea305241090003fc,000044641.large.png,not-logged-in,2013-04-23 18:04:55,Richard S. Mitchell,07/16/1960,414,,Jackson,Dry open woodland,Marianna Caverns State Park.,L.,Polymnia uvedalia,FL
5176cd44ded9103e3c000183,Herbarium,516dc257ea30524109001d67,000023113.large.png,not-logged-in,2013-04-23 18:04:57,,,,,,,,,,FL
5176cd4fde59d928e800012e,Herbarium,516db2c8ea305241090002a4,000052301.large.png,not-logged-in,2013-04-23 18:04:58,R. K. Godfrey,08/23/1973,72532,,Ouray,Small mountain meadow,"Red Mt. Pass, N of Silverton, el 11,000 ft.",(Raf.) A. Nels,Sedum integrifolium,CO
5176cd51de59d928e8000130,Herbarium,516db534ea3052410900078b,000057103.large.png,not-logged-in,2013-04-23 18:04:59,R. K. Godfrey,08/23/1973,72532,,Ouray,Small mountain meadow,"Red Mt Pass, N of Silverton, el 11,000 ft",(Raf.) A. Nels,Sedum Integrifolium,CO
5176cd57de59d928e800013a,Herbarium,516db1ccea305241090000c6,000022362.large.png,user449,2013-04-23 18:05:06,R. K. Godfrey,08/16/1957,55949,,Taylor,salt marsh,"Upper margins of salt marsh, Jug Island",Vahl,Cyperus filicinus,FL
5176cd52ded9103e3c00018b,Herbarium,516dc366ea30524109001ebd,000051728.large.png,not-logged-in,2013-04-23 18:05:06,R.K. Godfrey,08/23/1973,72532,,Ouray,Small moutain meadow,"Red Mt. Pass, N of Silverton, e1 11,000 ft.",(Raf.) A. Nels,Sedum Intergrifolium,CO
5176cd4fded9103e3c000189,Herbarium,516dbab2ea3052410900110a,000050949.large.png,not-logged-in,2013-04-23 18:05:08,R. K. Godfrey,08/23/1973,72532,,Ouray,Small Mountain meadow,"N of Silverton, el 11,000ft",(Raf.) A. Nels,SEDUM INTEGRIFOLIUM ,CO
5176cd57de59d928e800013b,Herbarium,516dc47cea30524109002067,000053384.large.png,user2044,2013-04-23 18:05:11,R. K. Godfrey,08/23/1973,72532,,Ouray,Small mountain meadow,"Red Mt. Pass, N of Silverton",A. Nels,Sedum Integrifolium,CO
5176cd65de59d928e800013f,Herbarium,516dc00cea3052410900196e,000008380.large.png,not-logged-in,2013-04-23 18:05:19,R. Kral,,15715,,Liberty,tall plants on mucky peaty margin of cypress dome.,15 mi. n. Sumatra,Kral & Godfrey,Cacalia lanceolata Nutt.,FL
5176cd66de59d928e8000144,Herbarium,516dc172ea30524109001bcd,000016899.large.png,not-logged-in,2013-04-23 18:05:21,A. J. Clewell,03/03/1973,3783,,,"Dry, open slope",above the Laguna del Pescado about 20 kms south of Tegucigalpa,Klatt,Senecio chiotegensis ,
5176cd68ded9103e3c00019a,Herbarium,516dbb04ea305241090011a9,000052429.large.png,not-logged-in,2013-04-23 18:05:33,R. K. Godfrey,08/23/1973,72532,,Ouray,Small mountain meadow,"Red Mt. Pass, N of Silverton, el. 11,000 ft.",(Raf.) A. Nels,Sedum integrifolium,CO
5176cd77de59d928e8000146,Herbarium,516dc0edea30524109001add,000052849.large.png,not-logged-in,2013-04-23 18:05:38,R.K.Godfrey,08/23/1973,72532,,Ouray,small mountain medow elev 11000 feet,"small meadow, red mt pass n. of Silverton el. 11,000 ft",a. nels,sedum integrifolium,CO
5176cd6eded9103e3c00019f,Herbarium,516dbf4dea30524109001840,000047094.large.png,not-logged-in,2013-04-23 18:05:39,,,,,placeholder,,,Michaux,Ilex ambigua,GA
5176cd6eded9103e3c00019e,Herbarium,516dc083ea30524109001a3f,000048806.large.png,user759,2013-04-23 18:05:39,"A. Gholson, Jr.",05/25/1981,8903,,Jackson,Floodplain of the Apalachicola River,"West side of Aralachicola River, between Jim Woodruff and U.S.90",AKG,Trepocorpus aethusae,FL
5176cd70ded9103e3c0001a0,Herbarium,516db959ea30524109000e9f,000008956.large.png,not-logged-in,2013-04-23 18:05:41,R.Kral,11/02/1956,3776,,Madison,,Occasional on sandy banks of Withlacbochee River 2m. WSW of Blue Springs,(L.) Britton,Aster Lateriflorus,FL
5176cd77ded9103e3c0001a7,Herbarium,516db6f2ea30524109000a7b,000008540.large.png,not-logged-in,2013-04-23 18:05:43,R. K. Godfrey,11/10/1961,61672,,Taylor,Banks of ditches in wet hammock.,"Vicinity of fish creek, plant woody, a scramber.",Walt.,aster carolinians walt.,FL
5176cd79de59d928e8000147,Herbarium,516dc2d0ea30524109001e41,000015426.large.png,not-logged-in,2013-04-23 18:05:45,Sidney McDaniel,06/20/1980,23965,,unknown,"Local, vine, fls. green.","Franklin County, Speck cedar glade ca one mile east of Waco on the South side of Alabama.",Sidney McDaniel,Matelea gonocarpa,placeholder
5176cd7bded9103e3c0001ac,Herbarium,516db466ea305241090005f4,000054521.large.png,user2019,2013-04-23 18:05:47,R. K. Godfrey,08/23/1973,72532,,Ouray,Small mountain meadow,"Red Mt. Pass, N of Silverton, el 11,000 ft.",(Raf.) A. Nels,SEDUM INTEGRIFOLIUM,CO
5176cd7dde59d928e800014d,Herbarium,516db6b8ea30524109000a1b,000053374.large.png,not-logged-in,2013-04-23 18:05:49,R. K. Godfrey,08/23/1973,72532,,Ouray,"Small mountain meadow, el 11,000 ft.","Red Mt. Pass, N of Silverton",(Raf.) A. Nels,Sedum integrifolium,CO
5176cd7eded9103e3c0001b1,Herbarium,516db6f2ea30524109000a7c,000050178.large.png,not-logged-in,2013-04-23 18:05:50,No 347 ,09/29/1989,No 347 ,,Jefferson,Kathleen Craddock Burks ,"Infrequent on edges of floating island thick with sedges, Ludiwigia; near E shore of Lake Miccosukee, just S of 'Homer Williams' landing and in section of lake known locally as 'Gator Hole'. (Landing is E of Pine Island, in SE 1/4 of Sec 7, T2N R4E, Mays Pond Plantation.)",Xyris jupicai L. Rich,Flora of Lake Miccogukee,FL
5176cd80ded9103e3c0001b8,Herbarium,516dba13ea30524109000ff5,000054366.large.png,user554,2013-04-23 18:05:52,R K Godfrey,08/23/1973,72532,,Ouray,"small mountain meadow, el 11,000 ft.","Red Mt Pass, N of Silverton ",A. Nels,Sedum Integrifolium,CO
5176cd7cded9103e3c0001ae,Herbarium,516dbed7ea3052410900177e,000044677.large.png,not-logged-in,2013-04-23 18:05:53,,05/30/1964,50216,,Martin,Flat sandy brush,Flat sandy brush country,,Bafaria racemose Vent,FL
5176cd7fded9103e3c0001b6,Herbarium,516dc208ea30524109001cd7,000052527.large.png,user1477,2013-04-23 18:05:56,R.K. Godfrey,08/23/1973,72532,,Ouray,Small mountain meadow,"Small mountain meadow, Red Mt. Pass, N of Silverton, el 11,000 ft.",A. Nels,Sedum Intergrifolium,CO
5176cd80ded9103e3c0001b9,Herbarium,516dbaf8ea30524109001192,000034892.large.png,not-logged-in,2013-04-23 18:05:57,R.K. Godfrey & R.D. Houk,10/13/1962,62601,,Dixie,"Ditches and ditch banks; Small and e. perfoiatum L. growing together in abundance and their presumed hybrid, frequent amongst them",Along highway right of way near Steinhatchee,Lam.,Eupatorium capillifolium,FL
5176cd88de59d928e8000155,Herbarium,516db77fea30524109000b77,000023949.large.png,not-logged-in,2013-04-23 18:06:00,Loran C. Anderson,09/12/1984,7596,,Franklin,Frequent in drying sandy soil of depression with Juncus and Cyperus on S. side of hiway 98 across from Lanary Village golfcourse.,Across from Lanark Village golfcourse,(Torr.) Spreng.,Fuirena pumila (Torr.) Spreng.,FL
5176cd8dde59d928e800015b,Herbarium,516dc0bbea30524109001a8c,000054343.large.png,not-logged-in,2013-04-23 18:06:05,R.K. Godfrey,08/23/1973,72532,,Ouray,Silver mountain meadow,"N of Silverton, el 11,000 ft",A. Nels,SEDUM INTEGRIFOLIUM,CO
5176cd98de59d928e800016c,Herbarium,516dc294ea30524109001ddc,000052281.large.png,user1777,2013-04-23 18:06:11,R. K. Godfrey,08/23/1973,72532,,Ouray,Small mountain meadow,"Red Mt. Pass, N of Silverton, el 11,000 ft.",(Raf.) A. Nels,SEDUM INTEGRIFOLIUM,CO
5176cd97de59d928e800016b,Herbarium,516db7e2ea30524109000c26,000054019.large.png,not-logged-in,2013-04-23 18:06:15,R.K. Godfrey,08/23/1973,72532,,Ouray,"Small mountain meadow, elev 11000 ft",Red Mt. Pass,(Raf.) A. Nels,Sedum integrofolium,CO
5176cda2ded9103e3c0001cb,Herbarium,516db844ea30524109000cd0,000050917.large.png,user2255,2013-04-23 18:06:26,R. K. Godfrey,08/23/1973,72532,,Ouray,Small mountian meadow,"Small mountian meadow Red Mt. pass N of silverton. el 11,000 ft.",(Raf) A. Nels,Sedum Integrifolium,CO
5176cda7ded9103e3c0001ce,Herbarium,516db809ea30524109000c66,000046819.large.png,not-logged-in,2013-04-23 18:06:36,,07/16/1982,80784,,Liberty,Upland mixed woodland.,"Near the picnic area, Torreya State Park.",,Vaccinium stamineum L.,FL
5176cda7ded9103e3c0001cd,Herbarium,516dbabeea30524109001123,000052839.large.png,not-logged-in,2013-04-23 18:06:36,R. K. Godfrey,08/23/1973,72532,,Ouray,"Small mountain meadow, Red Mt. Pass, N of Silverton, el 11,000 ft. ","Small mountain meadow, Red Mt. Pass, N of Silverton, el 11,000 ft. ",(Raf.) A. Nels,Sedum Integrifolium,CO
5176cdacded9103e3c0001d5,Herbarium,516dc292ea30524109001dda,000057072.large.png,not-logged-in,2013-04-23 18:06:41,R. K. Godfrey,08/23/1973,72532,,Ouray,small mountain meadow,"Small mountain meadow, Red Mt. Pass, N of Silverton, el 11,000 ft.",(Raf.) A. Nels,Sedum Integrifolium,CO
5176cdc4de59d928e8000186,Herbarium,516dc278ea30524109001da9,000057018.large.png,user1485,2013-04-23 18:06:55,R. K. Godfrey,08/23/1973,72532,,Ouray,"N of Silverton, el 11,000 ft.","Small mountain meadow, Red Mt. Pass",A. Nels,SEDUM INTEGRIFOLIUM,CO
5176cdbdded9103e3c0001e4,Herbarium,516dba22ea3052410900100d,000023960.large.png,user1617,2013-04-23 18:06:58,R.K. Godfrey,08/08/1958,57420,,Orange,Sandy shores of lake,2 miles S of Oakland,Torr.,Fuirena pumila ,FL
5176cdc5ded9103e3c0001e6,Herbarium,516db2aaea3052410900026a,000051830.large.png,not-logged-in,2013-04-23 18:07:01,R K Godfrey,08/23/1973,72532,,Ouray,small mountain meadow,"Small mountain meadow, Red Mt. Pass, N of Silvertnn el 11,000 ft.",a nels,sedum intergrifolium,CO
5176cdc7de59d928e800018a,Herbarium,516db84eea30524109000cdc,000009846.large.png,user1919,2013-04-23 18:07:03,Norlan C. Henderson,05/07/1963,63-706,,Stonewall,Sandy roadside,"Along US #83, about 10 miles north of Aspermont.",Benth.,Senecio longilobus,TX
5176cdd2de59d928e800018e,Herbarium,516db21fea30524109000161,000023978.large.png,user344,2013-04-23 18:07:09,"Cecil R. Slaughter, Ph.D.",,"13,062",,Flagler,Wet Pine Flatwoods ,"Hudson Well Field, City of Ormond, 2 miles west of Ormond Beach and 2 miles north of SR 40",Michx,Fuirena scirpoidea,FL
5176cdcfded9103e3c0001f2,Herbarium,516dbe8dea30524109001702,000008537.large.png,user2322,2013-04-23 18:07:11,,,,,,,,,,FL
5176cdd1de59d928e800018c,Herbarium,516dbc92ea30524109001420,000053389.large.png,not-logged-in,2013-04-23 18:07:13,R. K. Godfrey,08/23/1973,72532,,Ouray,small mountain meadow,"Red Mt. Pass, N of Silvertnn el 11,000 ft.",(Raf.) A. Nels,Sedum integrifolium,CO
5176cdd9de59d928e8000193,Herbarium,516dc3a3ea30524109001f2d,000024185.large.png,user2088,2013-04-23 18:07:15,Coll. K. Craddock Burks with Joe Hinkle,08/07/1995,1030,,Alachua,Floating mats in small canal,"small canal off SW shore of Santa Fe Lake, E of Orange Heights, N off SR-26",Poepp. & Kunth,Oxycaryum cubense,FL
5176cdd2ded9103e3c0001f6,Herbarium,516dbfd3ea3052410900190e,000054379.large.png,user2363,2013-04-23 18:07:19,R. K. Godfrey,08/23/1973,72532,,Ouray,Small mountain meadow,"Small mountain meadow, Red Mt. Pass, N of Silvertnn, el 11,000 ft.",A. Nels,Sedum Integrifolium,CO
5176cdd2ded9103e3c0001f5,Herbarium,516db661ea30524109000978,000038687.large.png,not-logged-in,2013-04-23 18:07:19,Loran C. Anderson,09/08/1989,"12,242",,Leon,Rooting at lower nodes; frequent in drainage ditch used for flood control ,drainage ditch used for flood control on S side of shopping mall on Sharer Road near N. Monroe Street in northern sector of Tallahassee,"L. Beauv, var. Vasing. Ohwi",Echniochloa Crusgalli var. Oryzicola,FL
5176cdddde59d928e8000197,Herbarium,516db93aea30524109000e6b,000012751.large.png,not-logged-in,2013-04-23 18:07:20,H. F. L. Rock,09/16/1957,937,,Coffee,Power line clearing in an oak barren,"Tenn. Route 55, 5.4 m north of jct. with U.S. Route 41",Nutt.,Helianthus silphoides,TN
5176cddbded9103e3c0001f9,Herbarium,516db5e7ea305241090008b8,000071356.large.png,not-logged-in,2013-04-23 18:07:28,,,,,placeholder,,,,,FL
5176cde4de59d928e8000199,Herbarium,516dc22dea30524109001d1a,000020775.large.png,not-logged-in,2013-04-23 18:07:32,Jean H. Burns,,286,,,Greenhouse,Florida State University - Greenhouse,Jean H. Burns,Tradescantia occidentalis,FL
5176cde7de59d928e800019a,Herbarium,516dba43ea30524109001048,000056566.large.png,not-logged-in,2013-04-23 18:07:35,R. K. Godfrey,08/23/1973,72532,,Ouray,Small mountain meadow,"Small mountain meadow, Red Mt. Pass, N of Silvertnn, el 11,000 ft.",(Raf.) A. Nels,Sedum integrifolium,CO
5176cdeede59d928e80001a3,Herbarium,516dc0b6ea30524109001a84,000051660.large.png,not-logged-in,2013-04-23 18:07:36,R. K. Godfrey,08/23/1973,72532,,Ouray,"El 11,000 ft",Small Mountain meadow Red Mt. Pass N of Silvertnn,A. Nels,SEDUM INTEGRIFOLIUM,CO
5176cde7ded9103e3c000204,Herbarium,516dc1b7ea30524109001c45,000044694.large.png,user2174,2013-04-23 18:07:40,D. B. & S. S. Ward,11/20/1961,2831,,Charlotte,in open Pinus palustris stand,"w. side of U.S. 17, 1 mi. s. of the DeSoto-Charlotte county line",Vent.,Befaria racemosa,FL
5176cdeaded9103e3c000208,Herbarium,516dbb8eea30524109001291,000044548.large.png,not-logged-in,2013-04-23 18:07:43,Loran C. Anderson,10/16/1974,3861,,Leon,Few culms 3.5m tall in disturbed soil,"along Allen Road, north side of Tallahassee",(L.) .Ell.,Erianthus alopecuroides,FL
5176cdf3ded9103e3c000214,Herbarium,516db675ea305241090009a0,000051506.large.png,user2044,2013-04-23 18:07:52,R. K. Godfrey,08/23/1973,72532,,Ouray,Small mountain meadow,"Red Mt. Pass, N of Silvertnn",A. Nels,Sedum Integrifolium,CO
5176cdf7ded9103e3c000218,Herbarium,516dbf88ea30524109001894,000053575.large.png,not-logged-in,2013-04-23 18:07:56,R.K. Godfrey,,72532,,Ouray,,"Small mountain meadow, Red Mt. Pass, N of Silvertnn, el 11,000 ft.",A. Nels,SEDUM INTEGRIFOLIUM,CO
5176cdfdded9103e3c000221,Herbarium,516db5d5ea30524109000898,000034832.large.png,not-logged-in,2013-04-23 18:07:57, w r fryar,07/04/1964,4,,Leon,small x e perfoliatum L F ,greenhouse,Lam,eupatorium capillifolium,FL
5176cdfdde59d928e80001b2,Herbarium,516dba6aea30524109001088,000044689.large.png,not-logged-in,2013-04-23 18:07:57,Loran C. Anderson,07/05/1977,4479,,placeholder,pine flatwoods,"Florida State University, Tallahassee",Loran C. Anderson,Befaria racemosa Vent.,placeholder
5176ce02de59d928e80001b3,Herbarium,516dbf73ea30524109001874,000047075.large.png,not-logged-in,2013-04-23 18:08:02,Loran C. Anderson,05/11/1993,"14,254",,unknown,Wooded floodplain of creek,"Sweetwater Creek (E of Rte 270) along gas pipeline right of way. T1N, R7W, SW1/4 of SW1/4 Sec 5.",Walt.,Ilex decidua,FL
5176ce05ded9103e3c00022f,Herbarium,516db2c1ea30524109000295,000052735.large.png,not-logged-in,2013-04-23 18:08:05,R. K. Godfrey,08/23/1973,72532,,Ouray,Small mountain meadow,"Red Mt. Pass, N of Silvertnn, el. 11,000 ft",Raf. A. Nels,Sedum Integrifolium,CO
5176ce0fded9103e3c000239,Herbarium,516dbfaeea305241090018cf,000051666.large.png,not-logged-in,2013-04-23 18:08:15,R.K. Godfrey,08/23/1973,72532,,Ouray,Small mountain meadow,"Red Mt. Pass, N of Silvertnn, el 11,000 ft.",(Raf.) A. Nels,Sedum Integrifolium,CO
5176ce12ded9103e3c000241,Herbarium,516dbbffea30524109001349,000046776.large.png,user759,2013-04-23 18:08:18,R.K. Godfrey,06/02/1982,79846,,Calhoun,"Multistemmed shrub to ca 2 m tall. Frequent in thin stand of planted slash pine, sand ridge","just a bit W of Chipola River, by Fla. Rt. 20, N side of road",,Vaccinium Stamineum L.,FL
5176ce12ded9103e3c00023f,Herbarium,516dba45ea3052410900104c,000051371.large.png,not-logged-in,2013-04-23 18:08:18,R.K. Godfrey,08/23/1973,72532,,Ouray,"Small mountain meadow, elev 11000 ft",Red Mt. Pass,(Raf.) A. Nels,Sedum integrifolium,CO
5176ce0fded9103e3c00023a,Herbarium,516db46bea305241090005fe,000053403.large.png,not-logged-in,2013-04-23 18:08:20,R K Godfrey,08/23/1973,72532,,Ouray,small mountain meadow," Red Mt. Pass, N of Silvertnn, el 11,000 ft.",R K Godfrey,Sedum Integrifolium,CO
5176ce11ded9103e3c00023d,Herbarium,516dbb49ea3052410900121f,000035140.large.png,not-logged-in,2013-04-23 18:08:22,Victoria I. Sullivan,07/11/1969,1229,,Citrus,,Ozella,,Eupatorium aff. rotundifolium,FL
5176ce1fde59d928e80001c6,Herbarium,516dc270ea30524109001d98,000008731.large.png,user1382,2013-04-23 18:08:25,P. O. Leupp,05/23/1957,39108,,Coconino,Moist sandy areas. Nice patch. Elevation ft. 4900,Navajo Indian Reservation,,Senecio,AZ
5176ce1dde59d928e80001c3,Herbarium,516db6c8ea30524109000a36,000050986.large.png,not-logged-in,2013-04-23 18:08:29,R.K. Godfrey,08/23/1973,72532,,Ouray,Small mountain meadow,"Red Mt. Pass, N of Silvertnn",(Raf.) A. Nels,SEDUM INTEGRIFOLIUM,CO
5176ce29de59d928e80001d1,Herbarium,516dbfccea30524109001901,000008610.large.png,user2306,2013-04-23 18:08:40,Aster Concolor L.,10/30/1986,82236,,placeholder,Frequent in treeless savanna (formerly longleaf pine savanna),"1.5 miles NW of Sumatra, by Fla. rd 279",Aster Concolor L.,"Aristida stricta, Schizochyrium stoloniferum, S. tenerum, Agalinis sp. , Helianthus radula, Pityopsis sp. , Aster linearifolius, Solidago odora, Tridens ambiguus, Hieracium gronovii, Liatris gracilis, Pteridum aquilinum",placeholder
5176ce2dde59d928e80001d8,Herbarium,516db7c1ea30524109000be8,000056313.large.png,not-logged-in,2013-04-23 18:08:45,,,,,,,,,,FL
5176ce2cded9103e3c00024d,Herbarium,516dbb08ea305241090011b1,000053580.large.png,not-logged-in,2013-04-23 18:08:49,,,,,,,,,,FL
5176ce35ded9103e3c000259,Herbarium,516db80fea30524109000c72,000048847.large.png,not-logged-in,2013-04-23 18:08:53,R.K. Godfrey,04/07/1963,62684,,Walton,Upland mixed woodland,1 Mile E of Eucheenna,,Styrax grandifolia,FL
5176ce31ded9103e3c000254,Herbarium,516dbd37ea30524109001515,000052277.large.png,user344,2013-04-23 18:08:54,R.K. Godfrey,08/23/1973,72532,,Ouray,Small mountain meadow,Red Mt. Pass,A. Nels,Sedum Integrifolium,CO
5176ce39de59d928e80001e8,Herbarium,516db5d2ea30524109000895,000009783.large.png,not-logged-in,2013-04-23 18:08:57,L. C. Anderson,,2790-3,,,along roadside,"along state highway 165, just east of Bigelow divide, 20 air line miles south of Florence T22S, R69W, SE1/4 Sec 29",L. C. Anderson,Senecio fendleri Gray,CO
5176ce3ade59d928e80001e9,Herbarium,516db3e7ea305241090004f5,000056821.large.png,not-logged-in,2013-04-23 18:08:58,R.K.Godfrey,08/23/1973,72532,,Ouray,small mountain meadow,"Small mountain meadow, Red Mt. Pass, N of Silvertnn, el 11,000 ft.",A Nels,sedum integrifolium,CO
5176ce44de59d928e80001ef,Herbarium,516db979ea30524109000edc,000053141.large.png,not-logged-in,2013-04-23 18:09:03,R. K. Godfrey,08/23/1973,72532,,Ouray,Mountain Meadow,"Small mountain meadow, Red Mt. Pass, Elev. 11,000 ft., North of Silvertnn, ",A. Nels,Sedum Intergrifolium,CO
5176ce41ded9103e3c000272,Herbarium,516dbf58ea30524109001854,000009775.large.png,not-logged-in,2013-04-23 18:09:05,D. Van Dyke,05/17/1968,72,,Riverside,Growing in decomposed granite soil in the sun,18 miles east of Banning in Whitewater Canyon,DC,Senecio douglasii,CA
5176ce3cded9103e3c000267,Herbarium,516dbad5ea30524109001151,000053169.large.png,user168,2013-04-23 18:09:05,R. K. Godfrey,08/23/1973,72532,,Ouray,Small mountain meadow,"N of Silvertnn, el 11,000 ft.",(Raf.) A. Nels,SEDUM INTERGRIFOLIUM,CO
5176ce42de59d928e80001ea,Herbarium,516db225ea3052410900016f,000053653.large.png,not-logged-in,2013-04-23 18:09:06,R. K. Godfrey,08/23/1973,72532,,Ouray,Small mountain meadow,"Small mountain meadow, Red Mt. Pass, N of Silvertnn, el 11,000 ft.",(Raf.) A. Nels,Sedum Integrifolium,CO
5176ce44ded9103e3c000277,Herbarium,516db463ea305241090005ee,000053225.large.png,not-logged-in,2013-04-23 18:09:13,R. K. Godfrey,08/23/1973,72532,,Ouray,Small mountain meadow,"Red Mt. Pass, N of Silvertnn, el 11,000ft",A. Nels,Sedum Integrifolium,CO
5176ce51de59d928e80001fb,Herbarium,516dbd83ea30524109001541,000054482.large.png,not-logged-in,2013-04-23 18:09:21,R. K. Godfrey,08/23/1973,72532,,Ouray,"Small mountain meadow, Red Mt. Pass, N of Silverton, el 11,000 ft.","Small mountain meadow, Red Mt. Pass, N of Silverton, el, 11,000 ft.",R. K. Godfrey,Sedum Integrifolium (Raf.) A. Nels,CO
5176ce51de59d928e80001fa,Herbarium,516db244ea305241090001a3,000052264.large.png,not-logged-in,2013-04-23 18:09:21,R. K. Godfrey,08/23/1973,72532,,placeholder,mountain meadow,"Small mountain meadow, Red Mt. Pass, N of Silverton, el 11,000 ft.",R. K. Godfrey,Sedum Integrifolium,FL
5176ce52de59d928e80001fe,Herbarium,516db3fbea3052410900051b,000050799.large.png,user2044,2013-04-23 18:09:22,R. K. Godfrey,08/23/1973,72532,,Ouray,Small mountain meadow,"Red Mt. Pass, N of Silverton",A. Nels,Sedum Integrifolium,CO
5176ce53ded9103e3c000289,Herbarium,516dbf23ea305241090017fa,000034755.large.png,not-logged-in,2013-04-23 18:09:23,R.K. Godfrey and R.D. Houk ,10/13/1962,62603,,Dixie,"and E. Perfoliatum L. growing together and their presumed hybrid, frequent amongst them. Roadbanks thrown up by highway building. ",Between Steinhatchee and Fish Creek,Lam. Small ,Eupatorium capillifolium ,FL
5176ce55ded9103e3c000290,Herbarium,516db426ea30524109000573,000050819.large.png,not-logged-in,2013-04-23 18:09:25,R. K. Godfrey,08/23/1973,72532,,Broward,"Small mountain meadow, Red Mt. Pass, N of Silverton, el 11,000 ft.","Ouray County, Colorado",(Raf.) A. Nels,Sedum Integrifolium,FL
5176ce5cde59d928e8000206,Herbarium,516db872ea30524109000d19,000053791.large.png,not-logged-in,2013-04-23 18:09:27,R. K. Godfrey,08/23/1973,72532,,Ouray,Small mountain meadow,"Red Mt. Pass, N of Silverton",(Raf.) A. Nels,Sedum integrifolium,CO
5176ce54ded9103e3c00028d,Herbarium,516db2bdea30524109000290,000040546.large.png,user1485,2013-04-23 18:09:29,R. K. Godfrey & R. Kral,10/06/1955,54080,,Wakulla,"Sandy-peaty shores, tidal zone, Gulf Coast",St. Mark's Wildlife Refuge,A. Gray,Leptochloa fascicularis,FL
5176ce63de59d928e800020f,Herbarium,516db974ea30524109000ed1,000052304.large.png,not-logged-in,2013-04-23 18:09:34,R.K. Godfrey,08/25/1973,72532,,unknown,Small Mountain meadow,"Small mountain meadow, Red Mt. Pass, N of Silverton, el 11,000 ft.",A. Nels,Sedum Integrifolium,FL
5176ce62ded9103e3c00029f,Herbarium,516db532ea30524109000787,000051721.large.png,user1714,2013-04-23 18:09:38,R.K.Godfrey,08/23/1973,72532,,Ouray,"Small mountain meadow, Red Mt. pass, N of Silverton, el 11,000 ft.","Small mountain meadow, Red Mt. Pass, N of Silverton, el 11,000 ft.",R.K.Godfrey,SEDUM INTEGRIFOLIUM,CO
5176ce62de59d928e800020e,Herbarium,516dc3f1ea30524109001fa5,000008635.large.png,user1802,2013-04-23 18:09:38,Robert L. Lazor,10/20/1970,5124,,Leon,"plants about ½ m tall, sandy soil, longleaf pine-turkey oak, fls blue-purple",5 miles S of Tallahassee on Springhill Road,Robert L. Lazor,Aster Adnatus Nutt,FL
5176ce63ded9103e3c0002a1,Herbarium,516db693ea305241090009d8,000047105.large.png,user1477,2013-04-23 18:09:39,James R. Burkhalter,12/02/1978,6256,,Escambia,"Spindly shrub 12 ft tall. With Nussa biflora, Frazinus caroliniana.",Near Pensacola. On campus of Univ of W law. At edge of Thompson's Bayou by wooden dock near picnic area at end of old fishcamp.,,Ilex Cassine,FL
5176ce64ded9103e3c0002a4,Herbarium,516dbc27ea3052410900137e,000044123.large.png,user2322,2013-04-23 18:09:40,R. K. Godfrey,10/12/1957,56164,,Dixie,In large clumps; hammock,Suwannee,L Smyth,Triodia flava,FL
5176ce67ded9103e3c0002a6,Herbarium,516dbf6eea3052410900186d,000056626.large.png,not-logged-in,2013-04-23 18:09:43,R. K. Godfrey,08/23/1973,72532,,placeholder,"Small Mountain meadow, Red Mt Pass, N of Silverton, el 11,000 ft.","Ouray county, Colorado",A. Nels,sedium integrifolium ,placeholder
5176ce73ded9103e3c0002ab,Herbarium,516dbf35ea3052410900181b,000024039.large.png,not-logged-in,2013-04-23 18:10:00,C. Jackson,03/04/1950,158,,unknown,Moist Soil,"St. Marks Refuge, Hoqrs area, Wakulla CA, Fla.",,Kyllinga Brevifolia L. ,FL
5176ce75ded9103e3c0002b0,Herbarium,516db5d3ea30524109000896,000051789.large.png,not-logged-in,2013-04-23 18:10:02,R. K. Godfrey,08/23/1973,72532,,Ouray,Small mountain meadow,"Red Mt. Pass, N of Silverton, el 11,000 Ft.",(Raf.) A. Nels,SEDUM INTEGRIFOLIUM,CO
5176ce80de59d928e8000236,Herbarium,516db6c3ea30524109000a2f,000071347.large.png,user1617,2013-04-23 18:10:03,R.K. Godfrey,08/23/1973,72532,,Ouray,Small mountain meadow.,"Red Mt. Pass, N of Silverton, el 11,000 ft.",(Raf.) A. Nels,SEDUM INTEGRIFOLIUM,CO
5176ce81de59d928e8000237,Herbarium,516db1acea30524109000087,000046884.large.png,not-logged-in,2013-04-23 18:10:04,R K Godfrey,05/10/1964,63627,,Calhoun,"Longleaf pine, Scrub oak ridgs","Scrub oak ridge, 4 miles S of the Calhoun-Jackson Co line, S of Grand Ridge",Cory Greene,Vaccinium langloisii,FL
5176ce7ede59d928e8000231,Herbarium,516dbf50ea30524109001846,000052712.large.png,not-logged-in,2013-04-23 18:10:06,R. K. Godfrey,08/23/1973,72532,,Ouray,"Elevation 11,000 Feet","Small mountain meadow, Red Mountain Pass, North of Silverton",A. Nels,Sedum Integrifolium,CO
5176ce81ded9103e3c0002bb,Herbarium,516db6ecea30524109000a73,000053295.large.png,not-logged-in,2013-04-23 18:10:09,R. K. Godfrey,,72532,,Ouray,Small mountain meadow,"Red Mt. Pass, N of Silverton, el 11,000 ft",(Raf.) A. Nels,Sedum Integrifolium,CO
5176ce88de59d928e800023f,Herbarium,516dc2afea30524109001e0c,000056974.large.png,not-logged-in,2013-04-23 18:10:11,R. K. Godfrey,08/23/1973,72532,,Ouray,Small mountain meadow,"Red Mt. Pass, N of Silverton, el 11,000 ft",Raf. A. Nels,Sedum integrifolium,CO
5176ce85de59d928e800023d,Herbarium,516dc307ea30524109001e78,000033498.large.png,user1508,2013-04-23 18:10:13,RL Lazor & JD Lazor,09/20/1968,1219,,Liberty,Along hog turned up roadside,"Along hog turned up roadside, US hwy 20, about 7 miles E of Hosford, ",Lazor,Eupatorium pinnatifidium Ell.,FL
5176ce8aded9103e3c0002c9,Herbarium,516dc384ea30524109001ef1,000050191.large.png,not-logged-in,2013-04-23 18:10:18,R. K. Godfrey,08/15/1962,15583,,placeholder,On sandy peat of limesink pond margin in longleaf pine-turkey oak forest; flowers closed in early afternoon,4 mi. s.Tallahassee,R. Kral & R.K. Godfrey,Xyris Jupicai Rich,placeholder
5176ce8bded9103e3c0002cc,Herbarium,516db750ea30524109000b21,000054494.large.png,not-logged-in,2013-04-23 18:10:19,R.K. Godfrey,08/23/1973,72532,,Ouray,"Small mountain meadow, elev 11000 ft",Red Mt. Pass,(Raf.) A. Nels,Sedum integrifolium,CO
5176ce8cded9103e3c0002cf,Herbarium,516dbe13ea3052410900162d,000056704.large.png,not-logged-in,2013-04-23 18:10:20,R. K. Godfrey,08/23/1973,752532,,Ouray,Small Mountain Meadow,"Red Mt. Pass, N of Silverton, el 11,000 ft.",A. Nels,Sedum Integrifolium,CO
5176ce87ded9103e3c0002c5,Herbarium,516dc3e9ea30524109001f97,000047028.large.png,not-logged-in,2013-04-23 18:10:20,Loran C. Andreson,11/06/1989,12532,,Franklin,loamy sand of open sand live oak woodland,St. Vincent Island: Locally estabilished in loamy sand of open sand live oak woodland at junction of roads B and E on SE part of the island,(Michx.) Torr,ILEX AMBIGUA,FL
5176ce8aded9103e3c0002cb,Herbarium,516dbb2eea305241090011f0,000008948.large.png,not-logged-in,2013-04-23 18:10:23,R. K. Godfrey,11/20/1974,74121,,Gilchrist,Just above high water on river bank,"Open limerock ledges, just above high water mark, banks of Suwannee River, E of Williford.",Almut G. Jones,lateriflorus,FL
5176ce92de59d928e8000244,Herbarium,516dba92ea305241090010d0,000023894.large.png,user759,2013-04-23 18:10:26,Loran C. Anderson,12/26/1988,"11,898",,Franklin,Frequent in boggy savannah and moist sand,"just W of New River and along roadside depression, 4 air mi WNW of Carrabelle.",(Cov.) Cov. in Harper,Fuirena Breviseta,FL
5176ce94ded9103e3c0002dd,Herbarium,516db283ea3052410900021d,000024056.large.png,not-logged-in,2013-04-23 18:10:33,Loran C. Anderson,,"19,388",,Nassau,Frequent in drying sandy loam of grassy camping area beside Pavillion R near Firetower Rd.,"Cary State Forest (E of Hwy 301, generally 1-2 mi NE of Bryceville).",Vahl,Kyllinga ordoatus,FL
5176ce9aded9103e3c0002e8,Herbarium,516db262ea305241090001da,000012685.large.png,user1490,2013-04-23 18:10:34,"Malcolm A. Nobs, S. Galen Smith",09/02/1949,1755,,Inyo,Marshy meadow (2-10 inches of water) ,"on Pine Creek road, 2 miles west of Highway 395, 13.5 miles north of Bishop",DC.,Helianthus californicus,CA
5176ce9aded9103e3c0002e6,Herbarium,516dbc72ea305241090013ea,000050755.large.png,user2306,2013-04-23 18:10:34,R. K. Godfrey,08/23/1973,72532,,Ouray,Small mountain meadow,"Red Mt. Pass, N of Silverton, el 11,000 ft.",(Raf.) A. Nels,Sedum Integrifolium,CO
5176ce99ded9103e3c0002e2,Herbarium,516dc1dfea30524109001c90,000034639.large.png,not-logged-in,2013-04-23 18:10:38,RK Godfrey,11/10/1961,61669,,Taylor,broad strip of roadside banks bordering wet hammock,SE of Fish creek,WR Fryar,Eupatorium capillifolium XE perfoliatum,FL
5176cea0de59d928e800024a,Herbarium,516db683ea305241090009bd,000008699.large.png,user344,2013-04-23 18:10:39,Loran C. Anderson,03/14/1985,7836,,Leon,Edge of woods,"Woods bordering Timberlane Road 0.2 mi E of North Meridian, Tallahassee",Muhl. ex Willd.,Senecio obovatus,FL
5176ce9aded9103e3c0002e7,Herbarium,516dc1c9ea30524109001c66,000056812.large.png,not-logged-in,2013-04-23 18:10:39,R.K. Godfrey,08/23/1973,72532,,Ouray,Small mountain meadow,"Red Mt. Pass, N of Silverton",(Raf.) A. Nels,Sedum integrifolium,CO
5176cea6de59d928e8000253,Herbarium,516dbcd0ea3052410900148c,000052444.large.png,user1728,2013-04-23 18:10:41,R. K. Godfrey,08/23/1973,72532,,Ouray,Mountain Meadow,"Small mountain meadow, Red Mt. Pass, N of Silverton, el 11,000 ft.",A. Nels,sedum integrifolium,CO
5176cea7de59d928e8000255,Herbarium,516db475ea30524109000613,000008660.large.png,not-logged-in,2013-04-23 18:10:47,Loran C. Anderson,05/27/1981,5246,,Leon,Frequent in rich alluvial humus of Ochlockonee River floodplain in deep shade of mixed hardwoods,"Ochlockonee River floodplain, just north of Stoutamire Landing (T2S-R5W, NE1/4 Sec 2)",,Senecio aureus L.,FL
5176ceabded9103e3c000302,Herbarium,516db993ea30524109000f12,000049972.large.png,not-logged-in,2013-04-23 18:10:51,R. Kral,08/10/1958,7783,,Citrus,clearing near cypress dome; soil a moist sandy peat,5 miles south Homosassa,Malme,Xyris curtisii,FL
5176cea8ded9103e3c0002fc,Herbarium,516db676ea305241090009a2,000040987.large.png,not-logged-in,2013-04-23 18:10:54,,09/03/1955,16838,,Liberty,Pinelands near bayhead,"near bayhead along small tributary of Taluga River, 1.7 miles W of Hosford",,Panicum implicatum Scribn.,FL
5176ceb4ded9103e3c00030e,Herbarium,516db66eea30524109000994,000010119.large.png,user2255,2013-04-23 18:11:00,Robert J. Lemaire,11/22/1956,105,,Palm Beach,Everglade marsh,atop dike south side of killsboro canal; few miles west of us 441,,Baccharis glomeruliflora Pers.,FL
5176cebcded9103e3c000314,Herbarium,516dbb2eea305241090011f0,000008948.large.png,not-logged-in,2013-04-23 18:11:08,R. K. Godfrey,11/20/1974,74121,,placeholder,"Open limerock ledges, just above high water mark, banks of Suwannee River, E of Williford.","Banks of Suwanee River, E of Williford",(L.) Britt.,Aster lateriflourus,FL
5176cec0de59d928e800026e,Herbarium,516dba41ea30524109001043,000047088.large.png,user2363,2013-04-23 18:11:12,R. K. Godfrey & Herman Kurz,11/18/1960,60481,,Wakulla,Small tree; mixed deciduous hammock,Vicinity of Wakulla Springs,,Ilex,FL
5176cec3ded9103e3c000322,Herbarium,516db1cbea305241090000c3,000054686.large.png,not-logged-in,2013-04-23 18:11:15,R. K. Godfrey,08/23/1973,72532,,Ouray,"Small mountain meadow, el 11,000 ft","Small mountain meadow, Red Mt. Pass, N of Silverton, el 11,000 ft.",A. Nels,SEDUM INTEGRIFOLIUM (Raf.) A. Nels,CO
5176cec5ded9103e3c000325,Herbarium,516dc262ea30524109001d7d,000053634.large.png,user1479,2013-04-23 18:11:22,R. K. Godfrey,08/23/1973,72532,,Ouray,Small mountain meadow,"Small mountain meadow, Red Mt. Pass, N of Silverton, el 11,000 ft",(Raf.) A. Nels,SEDUM INTEGRIFOLIUM,CO
5176ced0de59d928e8000281,Herbarium,516db696ea305241090009de,000056221.large.png,not-logged-in,2013-04-23 18:11:23,R. K. Godfrey,08/23/1973,72532,,Ouray,"N of SIlverton, el 11,000 ft.","Small mountain meadow, Red Mt. Pass",A. Nels,SEDUM INTERGRIFOLIUM (Raf.),CO
5176ceccde59d928e800027d,Herbarium,516db6d4ea30524109000a45,000007366.large.png,not-logged-in,2013-04-23 18:11:24,H. Kurz,10/21/1950,,,Liberty,Upland.,Torreya Park. Upland.,,Crataegus uniflora,FL
5176ced5de59d928e8000286,Herbarium,516dc056ea305241090019ee,000056986.large.png,not-logged-in,2013-04-23 18:11:27,R. K. Godfrey,08/23/1973,72532,,Ouray,,"Small mountain meadow, Red Mt. Pass, N of Silverton, el 11,000 ft",A. Nels,Sedum Integrifolium,CO
5176ced8de59d928e800028b,Herbarium,516dbc26ea3052410900137c,000053052.large.png,not-logged-in,2013-04-23 18:11:31,R.K. Godfrey,08/23/1973,72532,,Ouray,Small mountain meadow,"Small mountain meadow, Red Mt. Pass, N of Silverton, el 11,000 ft",A. Nels,Sedum Integrifolium,CO
5176ced8de59d928e800028c,Herbarium,516dba30ea30524109001024,000053617.large.png,not-logged-in,2013-04-23 18:11:36,R.K. Godfrey,08/23/1973,72532,,Ouray,,"Small mountain meadow Red mt. pass N of Silverton el 11,000 ft",A. Nels,Sedum Integrifolium (Raf.) A. Nels,CO
5176cee0de59d928e8000295,Herbarium,516dbdf8ea305241090015fd,000053192.large.png,not-logged-in,2013-04-23 18:11:39,R.K. Godfrey,08/23/1973,72532,,Ouray,"Small mountain meadow, elev 11000 ft","Red Mt. Pass, N. of Silverton",(Raf.) A. Nels,Sedum integrifolium,CO
5176cee1de59d928e8000297,Herbarium,516dbad8ea30524109001157,000023934.large.png,user1935,2013-04-23 18:11:40,Florida State University,08/29/1986,9885,,Franklin,Moist sandy loam of roadside depression,"Cash Bayou Bridge, 5 m NE Eastpoint",Loran C Anderson,fuirena longa,FL
5176cee3de59d928e8000299,Herbarium,516db7caea30524109000bf9,000053482.large.png,user554,2013-04-23 18:11:41,R K Godfrey,08/23/1973,72532,,Ouray,"Small mountain meadow, el 11,000 ft.","Red Mt. Pass, N of Silverton",(Raf) A Nels,Sedum Integrifolium,CO
5176cee9de59d928e80002a4,Herbarium,516dbc72ea305241090013ea,000050755.large.png,not-logged-in,2013-04-23 18:11:48,R. K. Godfrey,08/23/1973,72532,,Ouray,"Small mountain meadow, elevation 11,000 feet","Red Mountain Pass, North of Silverton",A. Nels,Sedum Integrifolium,CO
5176ceecde59d928e80002aa,Herbarium,516db473ea3052410900060f,000023927.large.png,user2019,2013-04-23 18:11:51,Olga Lakela,10/29/1962,25486,,Hillsborough,Open pineland with Sabal and saw palmetto. Pionner association i cleared construction site,"nw of Tampa, on Old Memorial Hwy about 1.8 miles north from 580",Coville,Fuirena breviseta,FL
5176ceecde59d928e80002a9,Herbarium,516dbdb5ea30524109001586,000009980.large.png,not-logged-in,2013-04-23 18:11:51,R.K. Godfrey,06/18/1971,70434,,placeholder,open lodgepole pine forest,"Jasper. (Alberta, Canada)",,Senecio,placeholder
5176ceeede59d928e80002ae,Herbarium,516dc2cfea30524109001e40,000050979.large.png,not-logged-in,2013-04-23 18:11:53,R.K. Godfrey,08/23/1973,72532,,Ouray,Small mountain meadow,"Small mountain meadow, Red Mt. Pass, N of Silverton, el 11,0000 ft.",(Raf.) A. Nels,sedum integrifolium,CO
5176ceebded9103e3c000336,Herbarium,516dbb24ea305241090011dc,000033459.large.png,not-logged-in,2013-04-23 18:11:55,R. K. Godfrey,09/10/1972,,,Nassau,Longleaf pine flatwoods,"Cleared and much disturbed longleaf pine flatwoods, 0,7 miles S of Yulee",Putative,Eupatorium Pilosum X E. Rotundifolium,FL
5176ceecded9103e3c00033a,Herbarium,516dbe45ea30524109001687,000056426.large.png,not-logged-in,2013-04-23 18:11:56,R. K. Godfrey,08/23/1973,72532,,Ouray,"Small mountain meadow N of Silverton, el 11,000 ft.","Red Mountain Pass, small mountain meadow N of Silverton, el 11,000 ft.",R. K. Godfrey,Sedum integrifolium (Raf.) A. Nels,CO
5176ceecde59d928e80002ab,Herbarium,516dbc70ea305241090013e7,000008434.large.png,not-logged-in,2013-04-23 18:11:56,R. K. Godfrey,09/15/1958,57812,,Taylor,calcereous hammock,"3 miles E of Econfina River, E of Newport",Kral and Godfrey,Cacalia lanceolata Nutt.,FL
5176ceeede59d928e80002ad,Herbarium,516db360ea305241090003d8,000053420.large.png,user1485,2013-04-23 18:11:58,R. K. Godfrey,08/23/1973,72532,,Ouray,"Small mountain meadow, el 11,000 ft","Red Mt. Pass, N of Silverton",A. Nels,SEDUM INTEGRIFOLIUM,CO
5176ceeaded9103e3c000334,Herbarium,516dc14cea30524109001b88,000023958.large.png,user344,2013-04-23 18:11:59,Loran C. Anderson,06/16/1986,9574,,Leon,wet sandy loam around margins of pond,"Oak Valley development, S of Belknap Road, WSW of junction Capitol Circle and highway 27, NW edge Tallahassee",Michx,Fuirena squarrosa,FL
